"","CELL_ID","PC_Urban.PC1","PC_Urban.PC2","PC_Natural.PC1","PC_Natural.PC2","PC_Water.PC1","PC_Water.PC2","PC_Park.PC1","PC_Park.PC2","Urban_sitescores","Natural_sitescores","Water_Sitescores","Park_sitescores","PC_Habitat.PC1","PC_Habitat.PC2","Urban_sitescores.1","Natural_sitescores.1","Water_Sitescores.1","Park_sitescores.1","pdSTD","Logged","Logged.1"
"1",89500,1,3,8,19,7,7,2,4,1,8,7,2,18,0.935765646,1.016,9,11,0.7509422,9,9,1
"2",113432,3,10,18,7,7,8,12,6,3,18,7,12,18,5,20,18,11,12,42.00833649,1.633552645,2.633552645
"3",119654,2,7,3,7,7,7,4,13,2,3,7,4,4,0.76443225,0.6894,20,11,20,14.58677697,1.192756321,2.192756321
"4",120331,2,6,7,20,7,5,2,4,2,7,7,2,17,0.946898404,0.7101,10,11,0.7509422,3.61624194,0.664288562,1.664288562
"5",125757,10,5,12,20,7,3,6,5,10,12,7,6,15,12,10,12,11,14,1346.138609,3.129412283,4.129412283
"6",126436,13,10,8,0.554212748,7,4,12,11,13,8,7,12,7,6,13,10,11,12,1728.999723,3.238046034,4.238046034
"7",126447,0.028757279,16,15,9,0.883690376,18,12,6,10,15,0.88369,12,14,5,10,15,0.88369,12,9,9,1
"8",127112,12,8,14,19,7,3,17,7,12,14,7,17,11,4,12,14,11,17,791.7496174,2.899136041,3.899136041
"9",127116,17,5,12,20,7,3,8,7,17,12,7,8,13,8,17,12,11,9,4630.535969,3.665725041,4.665725041
"10",128479,8,18,5,5,1.014890311,3,9,10,8,5,1.01489,9,5,11,10,16,1.01489,9,2810.002368,3.448861211,4.448861211
"11",133250,5,6,12,10,7,20,8,7,5,12,7,8,12,8,16,12,11,9,634.7595997,2.803292927,3.803292927
"12",133257,15,6,18,7,7,8,14,7,15,18,7,14,18,4,15,18,11,14,292.7675582,2.468003833,3.468003833
"13",133259,15,10,18,7,0.663997449,8,7,5,15,18,0.663997,7,19,7,15,18,0.663997,10,1966.96783,3.294017995,4.294017995
"14",133899,12,5,15,18,0.765619833,4,12,7,12,15,0.76562,12,14,5,12,15,0.76562,12,450.0313845,2.654206763,3.654206763
"15",133940,9,19,18,7,7,8,10,5,9,18,7,10,18,5,9,18,11,10,963.831518,2.984451482,3.984451482
"16",135985,11,14,15,11,7,4,15,7,11,15,7,15,13,4,11,15,11,15,273.6830348,2.438831837,3.438831837
"17",135991,11,16,5,3,0.937944434,20,11,8,11,5,0.937944,11,5,8,11,17,0.937944,11,943.1029402,2.97501935,3.97501935
"18",136666,14,8,10,5,7,4,16,7,14,10,7,16,9,4,14,10,11,16,331.805246,2.522190163,3.522190163
"19",136671,6,0.617898538,11,18,7,6,14,5,6,11,7,14,11,5,14,11,11,14,458.9698449,2.662729361,3.662729361
"20",137302,6,4,13,19,7,3,16,8,6,13,7,16,10,4,13,13,11,16,30.53374297,1.498775523,2.498775523
"21",138039,10,11,4,3,16,20,6,0.538472799,10,4,16,6,4,19,10,18,16,14,277.8692046,2.445400558,3.445400558
"22",138722,6,18,14,3,1.203194674,8,5,20,6,14,1.203195,5,15,18,12,14,1.203195,16,1952.094476,3.290723252,4.290723252
"23",139399,2,7,4,7,7,10,2,4,2,4,7,2,6,1.096371952,0.643,20,11,0.7509422,79.4766747,1.905670023,2.905670023
"24",140023,16,8,18,7,7,8,5,6,16,18,7,5,19,12,16,18,11,15,819.9881605,2.914336894,3.914336894
"25",140086,14,14,17,5,7,8,7,5,14,17,7,7,18,7,14,17,11,10,166.7011053,2.224535925,3.224535925
"26",140766,7,3,4,9,7,6,15,6,7,4,7,15,4,7,10,19,11,15,307.1157682,2.488713924,3.488713924
"27",140767,8,17,6,8,7,7,6,19,8,6,7,6,6,18,9,15,11,14,157.3611466,2.199648638,3.199648638
"28",140769,11,16,4,6,10,10,15,9,11,4,10,15,3,8,11,20,10,15,184.5683248,2.268503847,3.268503847
"29",141444,3,6,14,18,16,4,4,13,3,14,16,4,17,20,20,14,16,20,345.8765902,2.540174991,3.540174991
"30",141450,10,19,18,7,7,8,4,19,10,18,7,4,19,18,10,18,11,18,371.3389316,2.570938448,3.570938448
"31",141451,13,11,8,2,7,8,13,8,13,8,7,13,7,5,13,9,11,13,232.0829974,2.367510594,3.367510594
"32",141452,4,20,5,4,1.26877627,7,16,8,4,5,1.268776,16,5,6,18,16,1.268776,16,85.90726914,1.939056103,2.939056103
"33",142129,14,9,7,20,7,7,14,6,14,7,7,14,7,6,14,10,11,14,276.5597976,2.443356562,3.443356562
"34",142130,10,16,4,6,7,4,16,9,10,4,7,16,3,7,10,20,11,16,521.0175531,2.717685107,3.717685107
"35",142131,12,12,4,6,7,7,14,10,12,4,7,14,3,8,12,20,11,14,350.7672338,2.546255384,3.546255384
"36",142133,15,8,18,7,7,8,11,6,15,18,7,11,18,5,15,18,11,11,597.7115785,2.777217657,3.777217657
"37",142134,15,7,13,3,0.752058893,8,15,7,15,13,0.752059,15,11,5,15,13,0.752059,15,899.7065448,2.954583318,3.954583318
"38",142814,15,5,3,6,18,9,13,12,15,3,18,13,3,10,15,20,18,13,1004.220259,3.002261233,4.002261233
"39",142816,11,15,4,6,19,8,8,18,11,4,19,8,4,17,11,19,19,10,1276.318206,3.106299102,4.106299102
"40",142817,12,11,16,7,1.118544192,20,6,15,12,16,1.118544,6,16,13,12,16,1.118544,14,873.5188355,2.941769168,3.941769168
"41",143494,8,13,3,8,18,8,18,14,8,3,18,18,2,6,10,0.5981284,18,18,266.2299869,2.42688519,3.42688519
"42",143498,15,8,4,5,18,9,8,18,15,4,18,8,4,17,15,19,18,9,344.6049111,2.538579905,3.538579905
"43",143500,5,20,18,7,1.311548788,8,5,19,5,18,1.311549,5,19,17,16,18,1.311549,17,85.21273924,1.935571444,2.935571444
"44",144156,3,15,3,5,7,8,4,18,3,3,7,4,3,0.64672246,20,0.5673551,11,18,26.86184126,1.445009814,2.445009814
"45",144174,3,4,8,20,7,5,4,18,3,8,7,4,9,20,0.5713,10,11,18,201.2072721,2.30579677,3.30579677
"46",144177,14,9,4,6,7,7,14,10,14,4,7,14,3,9,14,20,11,14,344.3020848,2.5381992,3.5381992
"47",144180,15,8,8,19,7,10,5,20,15,8,7,5,8,19,15,9,11,16,121.0210249,2.086434668,3.086434668
"48",144836,4,5,4,20,0.817873742,11,5,20,4,4,0.817874,5,4,20,19,20,0.817874,16,2.710040721,0.569378676,1.569378676
"49",144837,6,4,3,7,19,6,5,20,6,3,19,5,3,20,13,20,19,16,23.86216487,1.395538942,2.395538942
"50",144841,3,15,3,11,7,7,3,9,3,3,7,3,4,0.826417409,0.5636,20,11,20,1.326707966,19,1.366741877
"51",144863,0.058547011,18,8,2,16,8,5,20,11,8,16,5,8,18,11,10,16,16,233.6774706,2.370471399,3.370471399
"52",145499,8,18,6,20,15,12,17,7,8,6,15,17,5,5,9,13,15,17,327.8636211,2.517015834,3.517015834
"53",145542,12,15,13,19,7,3,13,7,12,13,7,13,12,5,12,13,11,13,405.5354081,2.609098377,3.609098377
"54",145548,4,20,4,5,1.280703283,10,6,20,4,4,1.280703,6,4,20,18,19,1.280703,15,180.8929326,2.259815825,3.259815825
"55",146227,8,17,4,20,7,14,6,0.590728845,8,4,7,6,4,19,9,19,11,13,568.4441594,2.755451143,3.755451143
"56",146228,7,20,14,9,7,19,6,0.543052661,7,14,7,6,13,16,11,14,11,14,253.2970221,2.405341274,3.405341274
"57",146887,3,8,3,15,17,6,4,16,3,3,17,4,4,0.6856634,20,20,17,19,9,9,1
"58",146891,17,4,6,4,16,16,15,8,17,6,16,15,6,6,17,13,16,15,1132.304862,3.054346752,4.054346752
"59",146910,8,19,14,9,7,19,15,6,8,14,7,15,12,4,9,14,11,15,807.3089262,2.907577375,3.907577375
"60",147590,13,11,8,20,7,6,8,9,13,8,7,8,9,10,13,9,11,10,58.4889698,1.774436448,2.774436448
"61",147593,5,20,8,3,7,19,16,5,5,8,7,16,7,4,15,9,11,16,1100.406021,3.041947446,4.041947446
"62",148236,1,4,7,11,7,0.691849666,4,11,1,7,7,4,10,0.624075177,0.8879,12,11,20,9,9,1
"63",148251,2,10,16,16,7,4,3,7,2,16,7,3,19,0.591614368,0.6398,16,11,20,2.396473764,20,1.531028264
"64",148256,9,6,7,19,7,11,14,9,9,7,7,14,7,6,9,10,11,14,608.0944541,2.784684645,3.784684645
"65",148258,6,2,15,9,7,18,5,20,6,15,7,5,15,18,13,15,11,16,523.7676713,2.719967072,3.719967072
"66",148271,11,19,18,7,7,8,5,19,11,18,7,5,19,17,11,18,11,17,500.8458822,2.700570365,3.700570365
"67",148274,12,13,18,7,7,8,15,6,12,18,7,15,18,4,12,18,11,15,1440.925315,3.158942767,4.158942767
"68",148276,9,18,4,4,7,6,14,9,9,4,7,14,4,7,9,19,11,14,648.8956207,2.81284361,3.81284361
"69",148953,10,19,15,7,7,8,9,7,10,15,7,9,15,6,10,15,11,9,609.679569,2.78581339,3.78581339
"70",148956,18,4,18,7,7,8,13,5,18,18,7,13,18,4,18,18,11,13,1168.592677,3.06803464,4.06803464
"71",149636,14,10,14,3,7,8,13,6,14,14,7,13,13,5,14,14,11,13,426.5785933,2.631015954,3.631015954
"72",149640,9,19,4,3,7,12,14,14,9,4,7,14,4,8,9,19,11,14,108.4308935,2.039139945,3.039139945
"73",149641,10,14,3,5,7,8,16,16,10,3,7,16,3,9,10,0.5534855,11,16,583.2354437,2.766587901,3.766587901
"74",150303,3,6,5,19,15,7,5,19,3,5,15,5,5,20,20,17,15,18,3.207488759,0.624022964,1.624022964
"75",150314,11,10,18,7,7,8,12,8,11,18,7,12,18,5,11,18,11,12,1393.775283,3.144504243,4.144504243
"76",150317,16,5,4,5,7,11,11,11,16,4,7,11,4,11,16,20,11,11,770.4390992,2.887301647,3.887301647
"77",150319,6,18,3,6,7,7,19,8,6,3,7,19,3,5,14,20,11,19,192.4581145,2.286586951,3.286586951
"78",150324,7,18,18,7,1.040405641,8,6,20,7,18,1.040406,6,18,14,10,18,1.040406,15,1074.712936,3.031696391,4.031696391
"79",150995,8,10,9,20,15,4,17,12,8,9,15,17,7,4,9,9,15,17,510.6152517,2.708943483,3.708943483
"80",150997,15,6,18,7,7,8,11,5,15,18,7,11,18,5,15,18,11,11,225.2182003,2.354527543,3.354527543
"81",150999,12,11,3,4,7,10,14,10,12,3,7,14,3,9,12,20,11,14,343.4037327,2.53706785,3.53706785
"82",151001,8,17,4,3,16,20,17,9,8,4,16,17,4,5,9,19,16,17,959.7521649,2.982611372,3.982611372
"83",151002,7,19,4,20,7,7,18,8,7,4,7,18,4,5,10,18,11,18,1167.1883,3.067512852,4.067512852
"84",151004,9,8,4,3,7,11,19,8,9,4,7,19,3,4,9,19,11,19,143.5872232,2.160129917,3.160129917
"85",151005,9,14,4,2,19,19,6,20,9,4,19,6,4,19,9,18,19,14,68.18378013,1.840004288,2.840004288
"86",151006,8,18,5,3,19,20,15,11,8,5,19,15,4,7,9,18,19,15,4102.7058,3.613176218,4.613176218
"87",151668,3,7,18,7,7,8,4,18,3,18,7,4,19,18,20,18,11,18,1.627364922,20,1.419520397
"88",151680,7,16,3,7,17,12,18,16,7,3,17,18,3,6,11,20,17,18,292.7791992,2.468021043,3.468021043
"89",151686,10,14,3,5,7,8,16,10,10,3,7,16,3,8,10,20,11,16,428.3165506,2.632777631,3.632777631
"90",151688,11,13,4,2,7,20,16,14,11,4,7,16,4,6,11,19,11,16,630.5796248,2.800428111,3.800428111
"91",151689,15,11,18,7,18,8,8,6,15,18,18,8,19,6,15,18,18,9,1772.737234,3.248889283,4.248889283
"92",152356,15,8,7,8,7,20,12,7,15,7,7,12,7,6,15,10,11,12,1070.81379,3.03011934,4.03011934
"93",152362,9,15,4,7,7,9,17,10,9,4,7,17,4,5,9,18,11,17,506.3100441,2.705273461,3.705273461
"94",152364,15,7,4,6,7,6,11,9,15,4,7,11,4,9,15,19,11,11,604.1808737,2.781885194,3.781885194
"95",152367,12,13,16,17,7,4,15,6,12,16,7,15,14,4,12,16,11,15,1043.369844,3.018854323,4.018854323
"96",152369,16,4,3,5,7,13,15,13,16,3,7,15,3,9,16,20,11,15,3893.755912,3.590480245,4.590480245
"97",152372,6,12,8,12,0.771440974,8,13,8,6,8,0.771441,13,7,6,12,10,0.771441,13,994.106266,2.997869461,3.997869461
"98",153037,17,6,18,7,7,8,7,6,17,18,7,7,19,7,17,18,11,10,409.2186763,2.613015429,3.613015429
"99",153038,15,7,14,19,7,3,5,20,15,14,7,5,15,18,15,14,11,17,1342.115544,3.128113375,4.128113375
"100",153040,9,20,18,7,7,8,5,20,9,18,7,5,19,16,9,18,11,17,561.8484076,2.750391442,3.750391442
"101",153043,12,16,5,5,7,7,12,7,12,5,7,12,4,8,12,17,11,12,499.8872834,2.699740006,3.699740006
"102",153048,11,15,8,20,7,5,16,7,11,8,7,16,7,5,11,9,11,16,4064.495065,3.609113438,4.609113438
"103",153050,11,18,6,5,7,13,8,13,11,6,7,8,6,14,11,15,11,10,2242.281163,3.35088371,4.35088371
"104",153053,8,19,4,20,7,7,17,10,8,4,7,17,4,6,9,19,11,17,468.0249549,2.67119595,3.67119595
"105",153724,9,17,5,4,18,4,15,8,9,5,18,15,5,6,9,16,18,15,798.8148659,2.902989472,3.902989472
"106",153728,13,4,18,7,7,8,12,18,13,18,7,12,17,5,13,18,11,12,562.7398005,2.751078697,3.751078697
"107",153730,12,17,18,7,7,8,9,7,12,18,7,9,18,6,12,18,11,9,8378.029358,3.923193712,4.923193712
"108",153733,11,18,18,7,7,8,10,6,11,18,7,10,18,5,11,18,11,10,685.7908706,2.836824514,3.836824514
"109",153734,14,11,17,20,7,19,10,7,14,17,7,10,17,5,14,17,11,10,546.2593087,2.738193158,3.738193158
"110",153737,6,20,4,8,7,5,18,8,6,4,7,18,4,5,14,19,11,18,1865.078168,3.270929832,4.270929832
"111",154414,13,15,18,7,7,8,13,6,13,18,7,13,18,4,13,18,11,13,389.4649651,2.591582072,3.591582072
"112",154415,12,13,9,19,7,5,13,6,12,9,7,13,9,5,12,9,11,13,1177.673342,3.071393461,4.071393461
"113",154420,12,17,14,9,7,19,8,6,12,14,7,8,15,8,12,14,11,10,1454.109292,3.162895614,4.162895614
"114",155061,6,6,6,13,0.9006081,6,4,18,6,6,0.900608,4,7,20,15,14,0.900608,18,489.048026,2.690238644,3.690238644
"115",155082,2,3,18,7,7,8,4,18,2,18,7,4,19,18,0.8206,18,11,18,66.13799046,1.826968338,2.826968338
"116",155085,13,12,7,17,7,7,14,6,13,7,7,14,6,5,13,11,11,14,520.4002228,2.717171212,3.717171212
"117",155090,12,18,18,7,7,8,8,6,12,18,7,8,19,6,12,18,11,9,728.2600231,2.862882407,3.862882407
"118",155093,10,17,15,17,7,4,14,9,10,15,7,14,13,5,10,15,11,14,3893.838679,3.590489474,4.590489474
"119",155095,15,8,18,7,7,8,12,6,15,18,7,12,18,5,15,18,11,12,468.1840805,2.671343268,3.671343268
"120",155098,9,20,18,7,7,8,9,5,9,18,7,9,19,6,9,18,11,9,1808.277502,3.257505183,4.257505183
"121",155100,16,5,4,4,7,12,13,9,16,4,7,13,4,9,16,19,11,13,335.6416966,2.527167907,3.527167907
"122",155101,14,11,5,3,7,19,11,7,14,5,7,11,5,8,14,16,11,11,483.9553476,2.685701753,3.685701753
"123",155104,13,12,14,3,7,8,12,7,13,14,7,12,13,5,13,14,11,12,3370.438986,3.527815305,4.527815305
"124",155105,12,11,18,7,1.052261802,8,6,5,12,18,1.052262,6,19,8,12,18,1.052262,12,2209.277319,3.344446767,4.344446767
"125",155743,5,10,4,6,7,14,6,0.544111516,5,4,7,6,4,20,16,19,11,14,378.1519863,2.578813336,3.578813336
"126",155765,-0.850578817,3,7,20,7,8,13,5,1,7,7,13,6,6,0.8506,12,11,13,22.78321057,1.376270481,2.376270481
"127",155774,12,12,18,7,7,8,16,7,12,18,7,16,17,4,12,18,11,16,1447.41845,3.160894048,4.160894048
"128",155777,11,10,7,7,7,6,13,7,11,7,7,13,6,6,11,12,11,13,667.3433672,2.824999642,3.824999642
"129",155778,15,11,9,6,7,4,11,8,15,9,7,11,9,6,15,9,11,11,646.0312814,2.810925278,3.810925278
"130",155779,12,14,8,3,7,19,15,9,12,8,7,15,7,5,12,9,11,15,1471.524624,3.168062566,4.168062566
"131",155780,11,17,5,4,7,9,9,11,11,5,7,9,5,12,11,16,11,9,788.4338435,2.897315741,3.897315741
"132",155782,10,12,4,7,7,7,6,20,10,4,7,6,4,20,10,18,11,15,41.97509809,1.633216877,2.633216877
"133",155783,0.536051297,1,18,7,7,8,5,4,0.5361,18,7,5,20,13,0.5361,18,11,16,586.106468,2.768716865,3.768716865
"134",155784,16,8,18,7,7,8,10,6,16,18,7,10,18,5,16,18,11,10,558.1111907,2.747498185,3.747498185
"135",155787,10,20,18,7,7,8,4,16,10,18,7,4,19,18,10,18,11,18,935.2615774,2.971397201,3.971397201
"136",156460,14,10,9,18,7,8,15,8,14,9,7,15,8,5,14,9,11,15,771.5641246,2.887934537,3.887934537
"137",156461,15,10,14,18,7,4,10,7,15,14,7,10,14,6,15,14,11,10,1818.93714,3.260056388,4.260056388
"138",156464,8,19,5,5,7,11,4,19,8,5,7,4,5,20,10,17,11,18,26.22736265,1.435005576,2.435005576
"139",156466,11,19,18,7,7,8,2,4,11,18,7,2,0.580001455,0.792788704,11,18,11,0.7509422,12.35741803,1.125722518,2.125722518
"140",156467,19,3,18,7,7,8,2,4,19,18,7,2,0.580001455,0.792788704,19,18,11,0.7509422,638.8027687,2.806046115,3.806046115
"141",156468,19,2,15,17,7,4,11,5,19,15,7,11,15,5,19,15,11,11,771.7028761,2.888012529,3.888012529
"142",156469,18,4,18,7,7,8,6,7,18,18,7,6,19,10,18,18,11,14,2058.227403,3.313704309,4.313704309
"143",157114,2,14,4,20,7,7,4,16,2,4,7,4,5,0.603597375,0.6826,18,11,19,51.00464066,1.7160421,2.7160421
"144",157117,9,4,4,20,7,8,17,10,9,4,7,17,4,5,9,18,11,17,388.2343493,2.590211159,3.590211159
"145",157118,17,5,17,7,7,8,10,6,17,17,7,10,17,5,17,17,11,10,420.4074832,2.624702243,3.624702243
"146",157119,15,7,15,7,7,8,11,6,15,15,7,11,15,5,15,15,11,11,570.8968474,2.757317702,3.757317702
"147",157126,3,8,3,6,18,7,5,20,3,3,18,5,3,20,20,0.5443422,18,16,56.3887138,1.758826491,2.758826491
"148",157133,11,8,8,19,7,11,6,0.573114284,11,8,7,6,7,17,11,9,11,13,591.6110535,2.772769748,3.772769748
"149",157144,8,16,5,7,18,7,18,9,8,5,18,18,5,5,10,16,18,18,422.8070461,2.627168173,3.627168173
"150",157147,11,18,18,7,7,8,7,5,11,18,7,7,19,7,11,18,11,10,230.5751802,2.364692011,3.364692011
"151",157151,18,4,7,8,7,20,11,6,18,7,7,11,7,7,18,11,11,11,467.0816876,2.670321651,3.670321651
"152",157152,14,7,7,3,10,19,12,7,14,7,10,12,7,7,14,11,10,12,1019.025193,3.008610898,4.008610898
"153",157799,8,3,4,6,7,5,17,8,8,4,7,17,3,6,9,20,11,17,460.3475282,2.664028198,3.664028198
"154",157812,7,3,6,20,7,6,5,20,7,6,7,5,6,19,11,13,11,16,961.464421,2.983384684,3.983384684
"155",157827,14,10,8,4,7,20,14,6,14,8,7,14,7,6,14,9,11,14,471.3994601,2.674309393,3.674309393
"156",157828,19,2,18,7,7,8,11,5,20,18,7,11,18,5,20,18,11,11,1863.505264,3.270563614,4.270563614
"157",157830,15,11,18,7,7,8,4,18,15,18,7,4,19,18,15,18,11,18,1182.925957,3.073324542,4.073324542
"158",157835,16,4,6,3,0.770418547,18,11,7,16,6,0.770419,11,6,7,16,14,0.770419,11,3064.463729,3.486496182,4.486496182
"159",157836,5,7,15,17,1.37187888,4,4,18,5,15,1.371879,4,17,19,17,15,1.371879,18,31.63912982,1.513738572,2.513738572
"160",157838,14,4,18,7,1.21879234,8,4,17,14,18,1.218792,4,19,19,14,18,1.218792,19,7871.811962,3.896129879,4.896129879
"161",157839,9,4,15,4,1.041230748,8,4,17,9,15,1.041231,4,17,19,9,15,1.041231,19,5208.167291,3.716768305,4.716768305
"162",158505,8,12,4,8,18,7,6,0.581117634,8,4,18,6,4,19,9,19,18,13,0.612462387,16,1.207489593
"163",158506,7,20,5,8,15,6,6,20,7,5,15,6,5,19,11,16,15,15,37.90318125,1.589985117,2.589985117
"164",158508,9,15,9,20,7,6,18,7,9,9,7,18,7,4,9,9,11,18,534.5371843,2.728789631,3.728789631
"165",158509,19,3,18,7,7,8,12,6,19,18,7,12,18,5,19,18,11,12,2637.273976,3.421319894,4.421319894
"166",158510,19,2,18,7,7,8,13,6,19,18,7,13,18,4,19,18,11,13,812.1410786,2.910165901,3.910165901
"167",158511,12,14,8,4,7,15,14,8,12,8,7,14,7,6,12,10,11,14,239.6668011,2.381416185,3.381416185
"168",158512,15,10,7,8,7,19,9,6,15,7,7,9,8,8,15,10,11,9,4952.472975,3.694909798,4.694909798
"169",158513,14,7,7,3,7,20,14,6,14,7,7,14,6,6,14,12,11,14,3926.045539,3.594065937,4.594065937
"170",158514,16,6,7,3,7,13,5,20,16,7,7,5,8,19,16,10,11,16,371.2387867,2.570821624,3.570821624
"171",158516,10,13,4,5,7,13,6,0.603588603,10,4,7,6,3,19,10,20,11,12,674.7404871,2.829779941,3.829779941
"172",158518,8,5,3,6,19,7,7,0.683920991,-0.003185,3,19,7,3,19,9,0.544956,19,10,1323.239189,3.121966436,4.121966436
"173",158519,19,4,18,7,7,8,2,4,19,18,7,2,0.580001455,0.792788704,19,18,11,0.7509422,2637.701972,3.421390342,4.421390342
"174",158520,17,7,18,7,7,8,4,16,17,18,7,4,20,19,17,18,11,19,3886.038678,3.589618862,4.589618862
"175",158521,16,8,18,7,7,8,3,2,16,18,7,3,0.563395029,0.597070934,16,18,11,0.6191438,4692.630846,3.671508929,4.671508929
"176",158522,17,5,18,7,7,8,9,5,17,18,7,9,18,5,17,18,11,9,7269.187663,3.861545621,4.861545621
"177",158523,19,3,18,7,0.739980704,8,12,6,19,18,0.739981,12,18,5,19,18,0.739981,12,10754.35104,4.03162459,5.03162459
"178",158524,9,3,18,7,1.166200237,8,7,5,9,18,1.1662,7,19,8,9,18,1.1662,12,10723.16551,4.030363508,5.030363508
"179",159178,10,11,4,6,7,7,17,11,10,4,7,17,3,6,10,20,11,17,860.8933892,2.93545355,3.93545355
"180",159191,20,1,9,8,7,19,12,6,20,9,7,12,9,6,20,9,11,12,1869.421173,3.27193941,4.27193941
"181",159192,10,14,4,3,7,20,16,10,10,4,7,16,4,6,10,18,11,16,417.116697,2.621297511,3.621297511
"182",159195,16,7,15,3,7,8,9,11,16,15,7,9,14,7,16,15,11,9,306.8220381,2.488299709,3.488299709
"183",159198,16,7,15,3,7,8,4,15,16,15,7,4,18,20,16,15,11,19,672.9523132,2.828629168,3.828629168
"184",159199,13,9,4,5,7,7,14,11,13,4,7,14,3,9,13,20,11,14,6943.773921,3.841658112,4.841658112
"185",159200,12,9,4,11,7,5,14,13,12,4,7,14,4,8,12,19,11,14,3463.89469,3.539690039,4.539690039
"186",159201,15,8,18,7,7,8,9,5,15,18,7,9,19,5,15,18,11,9,1442.898486,3.159536661,4.159536661
"187",159202,18,4,18,7,7,8,4,4,18,18,7,4,20,17,18,18,11,19,1830.575255,3.262824767,4.262824767
"188",159203,18,4,18,7,7,8,9,5,18,18,7,9,19,5,18,18,11,9,2661.216394,3.425243354,4.425243354
"189",159204,18,4,18,7,7,8,15,5,18,18,7,15,18,4,18,18,11,15,1755.828559,3.244729383,4.244729383
"190",159205,19,3,18,7,7,8,7,4,19,18,7,7,19,7,19,18,11,11,3164.144395,3.500393527,4.500393527
"191",159206,18,4,18,7,7,8,2,4,18,18,7,2,0.580001455,0.792788704,18,18,11,0.7509422,3811.255416,3.58118199,4.58118199
"192",159207,17,1,18,7,16,8,7,5,17,18,16,7,19,8,17,18,16,12,8894.241534,3.949157745,4.949157745
"193",159208,10,8,18,7,1.06780558,8,4,15,10,18,1.067806,4,20,19,10,18,1.067806,19,3743.560867,3.573400894,4.573400894
"194",159808,10,5,8,4,18,19,15,7,10,8,18,15,7,5,10,9,18,15,625.1721799,2.796693769,3.796693769
"195",159861,7,19,9,7,7,17,17,8,7,9,7,17,7,4,11,9,11,17,489.9709983,2.691055839,3.691055839
"196",159864,7,20,7,20,7,7,15,8,7,7,7,15,6,5,11,10,11,15,9,9,1
"197",159872,18,3,18,7,7,8,11,6,18,18,7,11,18,5,18,18,11,11,505.9981989,2.705006417,3.705006417
"198",159874,11,14,7,3,7,9,16,9,11,7,7,16,6,5,11,11,11,16,262.9710585,2.421556314,3.421556314
"199",159875,15,10,12,2,7,8,9,7,15,12,7,9,13,7,15,12,11,9,176.213107,2.24849584,3.24849584
"200",159876,14,12,8,8,7,18,13,8,14,8,7,13,7,6,14,9,11,13,405.4902589,2.609050143,3.609050143
"201",159879,15,7,6,3,7,14,12,6,15,6,7,12,6,7,15,14,11,12,815.4096545,2.911908132,3.911908132
"202",159880,17,6,18,7,7,8,2,4,17,18,7,2,0.549911336,0.725285791,17,18,11,0.6896374,1016.678169,3.007610458,4.007610458
"203",159881,16,7,18,7,7,8,5,7,16,18,7,5,19,13,16,18,11,16,1237.135479,3.092768169,4.092768169
"204",159882,17,5,18,7,7,8,8,5,17,18,7,8,19,6,17,18,11,9,2639.527069,3.421690624,4.421690624
"205",159883,17,5,18,7,7,8,5,5,17,18,7,5,19,11,17,18,11,16,2712.988504,3.433608004,4.433608004
"206",159884,16,6,18,7,7,8,10,5,16,18,7,10,18,5,16,18,11,10,3051.161402,3.484607496,4.484607496
"207",159885,18,4,18,7,7,8,7,5,18,18,7,7,19,7,18,18,11,10,1299.211691,3.114014067,4.114014067
"208",159886,18,4,18,7,7,8,5,3,18,18,7,5,20,15,18,18,11,18,1699.496826,3.230575826,4.230575826
"209",159887,18,5,18,7,7,8,8,5,18,18,7,8,19,6,18,18,11,9,3362.892565,3.526842117,4.526842117
"210",159888,18,5,18,7,7,8,2,4,18,18,7,2,0.580001455,0.792788704,18,18,11,0.7509422,13572.82469,4.132702236,5.132702236
"211",159889,18,4,18,7,7,8,8,4,18,18,7,8,19,6,18,18,11,10,12579.76509,4.099707053,5.099707053
"212",159890,19,3,18,7,7,8,4,4,19,18,7,4,20,17,19,18,11,18,2606.494345,3.416223375,4.416223375
"213",159891,17,5,18,7,7,8,6,8,17,18,7,6,19,9,17,18,11,13,1568.563472,3.195778883,4.195778883
"214",160536,14,7,18,7,7,8,16,8,14,18,7,16,17,4,14,18,11,16,777.0923206,2.891031129,3.891031129
"215",160539,16,10,14,17,7,5,7,11,16,14,7,7,15,10,16,14,11,11,1552.467389,3.191302141,4.191302141
"216",160540,10,15,6,3,7,20,18,10,10,6,7,18,5,5,10,13,11,18,811.1880145,2.909656576,3.909656576
"217",160553,14,11,18,7,7,8,4,18,14,18,7,4,19,18,14,18,11,18,0.640531057,16,1.214984456
"218",160555,15,5,18,7,7,8,15,10,15,18,7,15,17,4,15,18,11,15,1019.73907,3.008914738,4.008914738
"219",160556,10,12,8,20,7,7,18,7,10,8,7,18,6,4,10,10,11,18,1770.653608,3.248378813,4.248378813
"220",160563,12,17,14,3,7,8,4,14,12,14,7,4,17,20,12,14,11,20,993.8486852,2.99775703,3.99775703
"221",160565,16,7,18,7,7,8,8,5,16,18,7,8,19,6,16,18,11,9,3726.039257,3.571363967,4.571363967
"222",160566,17,5,18,7,7,8,6,4,17,18,7,6,19,8,17,18,11,13,961.8654024,2.983565582,3.983565582
"223",160567,18,4,18,7,7,8,10,5,18,18,7,10,18,5,18,18,11,10,1185.273781,3.074184932,4.074184932
"224",160568,18,5,18,7,7,8,6,6,18,18,7,6,19,11,18,18,11,15,5877.601982,3.769274057,4.769274057
"225",160569,15,8,18,7,7,8,12,5,15,18,7,12,18,4,15,18,11,12,5037.561357,3.702306552,4.702306552
"226",160570,0.261442462,5,18,7,7,8,2,4,17,18,7,2,0.580001455,0.792788704,17,18,11,0.7509422,10960.03673,4.039851633,5.039851633
"227",160571,17,5,18,7,7,8,9,6,17,18,7,9,18,5,17,18,11,9,13209.88078,4.120931773,5.120931773
"228",160572,18,3,4,6,7,9,15,7,18,4,7,15,3,7,18,20,11,15,4658.072457,3.668299465,4.668299465
"229",160573,18,5,18,7,7,8,7,5,18,18,7,7,19,7,18,18,11,11,1389.298108,3.143107932,4.143107932
"230",160574,18,4,18,7,7,8,4,5,18,18,7,4,20,17,18,18,11,18,1807.477256,3.257313051,4.257313051
"231",160575,12,10,18,7,18,8,15,7,12,18,18,15,17,4,12,18,18,15,1666.585825,3.222088195,4.222088195
"232",161218,9,11,10,16,7,14,14,9,9,10,7,14,9,5,9,10,11,14,614.0407603,2.788903899,3.788903899
"233",161221,10,15,5,19,7,11,17,7,10,5,7,17,4,5,10,17,11,17,658.6932005,2.819342008,3.819342008
"234",161223,8,0.586871362,18,7,7,8,4,18,8,18,7,4,19,18,10,18,11,18,703.8686703,2.848108208,3.848108208
"235",161226,10,20,18,7,7,8,4,14,10,18,7,4,20,20,10,18,11,20,41.20441514,1.625357886,2.625357886
"236",161238,15,11,15,17,7,4,6,4,15,15,7,6,17,9,15,15,11,12,578.280402,2.762888836,3.762888836
"237",161239,15,8,14,3,7,8,12,6,15,14,7,12,14,5,15,14,11,12,295.6749442,2.472280869,3.472280869
"238",161240,14,9,13,6,7,8,13,6,14,13,7,13,12,5,14,13,11,13,1315.724529,3.119494926,4.119494926
"239",161241,11,16,8,17,7,5,13,5,11,8,7,13,7,5,11,10,11,13,4355.252572,3.639113052,4.639113052
"240",161242,7,16,5,18,7,16,18,7,7,5,7,18,4,4,11,17,11,18,1750.653119,3.243448107,4.243448107
"241",161243,13,8,4,5,7,8,15,6,13,4,7,15,4,6,13,19,11,15,1505.566072,3.177988183,4.177988183
"242",161244,15,9,9,4,7,19,14,7,15,9,7,14,8,5,15,9,11,14,1076.871553,3.03256701,4.03256701
"243",161245,15,10,10,4,7,18,4,17,15,10,7,4,13,20,15,10,11,19,979.0112354,2.991231055,3.991231055
"244",161247,18,4,18,7,7,8,4,6,18,18,7,4,20,19,18,18,11,19,663.0981392,2.822232263,3.822232263
"245",161248,18,4,18,7,7,8,4,13,18,18,7,4,19,18,18,18,11,18,1577.619944,3.198277585,4.198277585
"246",161249,15,8,6,4,7,4,11,12,15,6,7,11,5,7,15,14,11,11,1427.94975,3.155016957,4.155016957
"247",161250,16,8,5,4,7,4,5,20,16,5,7,5,5,19,16,16,11,16,2774.177211,3.443290721,4.443290721
"248",161251,17,6,18,7,7,8,7,4,17,18,7,7,19,7,17,18,11,11,4342.989444,3.637888761,4.637888761
"249",161252,16,6,4,5,7,6,11,11,16,4,7,11,4,10,16,19,11,11,4908.016738,3.690994513,4.690994513
"250",161253,11,8,3,7,7,6,7,0.652076779,11,3,7,7,3,19,11,20,11,11,6012.632725,3.779136901,4.779136901
"251",161254,16,4,4,5,7,7,17,9,16,4,7,17,3,6,16,20,11,17,5845.679458,3.766909284,4.766909284
"252",161256,16,6,18,7,7,8,10,6,16,18,7,10,18,5,16,18,11,10,1694.092936,3.229193514,4.229193514
"253",161257,17,7,18,7,7,8,5,16,17,18,7,5,19,14,17,18,11,16,1016.979149,3.007738883,4.007738883
"254",161258,17,5,18,7,7,8,15,6,17,18,7,15,18,4,17,18,11,15,2123.667023,3.327290877,4.327290877
"255",161259,12,11,16,9,0.921286377,17,15,7,12,16,0.921286,15,14,4,12,16,0.921286,15,1591.442182,3.202063673,4.202063673
"256",161260,5,19,10,11,1.319254545,4,10,6,5,10,1.319255,10,10,6,16,10,1.319255,10,1761.414708,3.246108109,4.246108109
"257",161899,13,6,13,10,7,19,6,0.553917114,13,13,7,6,12,16,13,13,11,14,774.6105834,2.889643727,3.889643727
"258",161901,9,18,18,7,7,8,11,13,9,18,7,11,18,5,9,18,11,11,596.3403393,2.776221844,3.776221844
"259",161916,18,3,14,10,7,19,10,7,18,14,7,10,13,6,18,14,11,10,11.74390099,1.105302389,2.105302389
"260",161920,12,14,17,5,7,8,15,5,12,17,7,15,16,4,12,17,11,15,2551.895776,3.407033085,4.407033085
"261",161921,13,11,8,3,7,19,15,6,13,8,7,15,8,5,13,9,11,15,1258.598496,3.100232133,4.100232133
"262",161922,11,16,5,3,7,20,14,7,11,5,7,14,4,7,11,18,11,14,170.5980812,2.234512427,3.234512427
"263",161924,13,12,5,19,7,6,12,7,13,5,7,12,5,7,13,17,11,12,2497.043813,3.397600051,4.397600051
"264",161925,11,14,9,19,7,6,13,5,11,9,7,13,8,5,11,9,11,13,1388.896667,3.142982513,4.142982513
"265",161926,12,8,5,5,7,8,17,6,12,5,7,17,4,5,12,18,11,17,1539.185713,3.18757309,4.18757309
"266",161929,17,6,18,7,7,8,7,4,17,18,7,7,19,7,17,18,11,12,1683.684158,3.226518492,4.226518492
"267",161930,16,7,15,6,7,6,8,7,16,15,7,8,15,7,16,15,11,9,1716.464468,3.234887761,4.234887761
"268",161931,16,6,5,20,7,6,11,11,16,5,7,11,4,9,16,18,11,11,5907.959206,3.771510992,4.771510992
"269",161932,15,9,5,3,7,19,15,8,15,5,7,15,5,6,15,16,11,15,2664.793259,3.425826465,4.425826465
"270",161933,13,12,13,6,7,8,14,6,13,13,7,14,12,5,13,13,11,14,5649.027034,3.752050526,4.752050526
"271",161936,17,4,6,8,7,19,5,20,17,6,7,5,6,19,17,12,11,16,1348.382399,3.130135041,4.130135041
"272",161937,18,5,18,7,7,8,5,5,18,18,7,5,20,15,18,18,11,17,860.0512061,2.935028979,3.935028979
"273",161938,16,8,14,9,7,19,9,7,16,14,7,9,14,7,16,14,11,9,1080.949697,3.03420707,4.03420707
"274",161939,16,7,6,19,7,5,12,8,16,6,7,12,5,7,16,14,11,12,909.415142,2.959239472,3.959239472
"275",161940,16,7,13,6,7,8,12,6,16,13,7,12,12,5,16,13,11,12,2660.574689,3.425138658,4.425138658
"276",161941,15,8,7,19,7,3,6,0.546528649,15,7,7,6,7,17,15,11,11,14,1916.539963,3.282744424,4.282744424
"277",161942,15,9,7,7,7,4,15,9,15,7,7,15,6,5,15,12,11,15,1335.691393,3.126031152,4.126031152
"278",162588,12,11,3,5,7,12,11,10,12,3,7,11,3,12,12,20,11,11,2368.488118,3.374654535,4.374654535
"279",162591,7,0.677629004,18,7,7,8,4,16,7,18,7,4,19,19,11,18,11,19,329.8261737,2.519599862,3.519599862
"280",162595,10,19,9,19,7,8,12,7,10,9,7,12,8,6,10,9,11,12,711.0038418,2.852482337,3.852482337
"281",162601,17,4,18,7,7,8,4,18,17,18,7,4,19,18,17,18,11,18,381.5586711,2.58269805,3.58269805
"282",162604,11,10,5,3,7,19,16,6,11,5,7,16,5,5,11,16,11,16,2460.934443,3.391276484,4.391276484
"283",162605,12,13,6,5,7,16,12,7,12,6,7,12,5,8,12,15,11,12,3544.941708,3.549731592,4.549731592
"284",162606,16,8,18,7,7,8,7,4,16,18,7,7,19,7,16,18,11,11,3176.74485,3.502119024,4.502119024
"285",162609,10,19,18,7,7,8,6,4,10,18,7,6,19,8,10,18,11,13,1300.330459,3.114387595,4.114387595
"286",162610,16,8,18,7,7,8,7,5,16,18,7,7,19,7,16,18,11,10,2972.141359,3.473215558,4.473215558
"287",162611,17,5,18,7,7,8,8,5,17,18,7,8,19,6,17,18,11,10,2742.491381,3.4383036,4.4383036
"288",162614,15,10,9,5,7,20,11,9,15,9,7,11,9,7,15,9,11,11,3082.096466,3.488987113,4.488987113
"289",162615,10,9,4,4,7,5,19,8,10,4,7,19,4,4,10,18,11,19,7540.015164,3.877429814,4.877429814
"290",162616,11,9,5,5,7,3,18,9,11,5,7,18,4,4,11,17,11,18,744.3456283,2.872357709,3.872357709
"291",162617,9,13,6,20,7,2,17,15,9,6,7,17,5,5,9,13,11,17,544.392783,2.736709387,3.736709387
"292",162618,13,6,4,7,7,8,6,0.588045081,13,4,7,6,3,19,13,20,11,13,6725.065619,3.8277611,4.8277611
"293",162619,17,6,18,7,7,8,4,12,17,18,7,4,20,20,17,18,11,20,3074.812613,3.487959874,4.487959874
"294",162620,16,7,18,7,7,8,9,5,16,18,7,9,19,6,16,18,11,9,935.8611567,2.971675233,3.971675233
"295",162621,17,6,18,7,7,8,2,4,17,18,7,2,0.580001455,0.792788704,17,18,11,0.7509422,678.0519554,2.831903004,3.831903004
"296",162622,17,6,18,7,7,8,6,5,17,18,7,6,19,9,17,18,11,13,2023.046649,3.306220518,4.306220518
"297",162623,15,9,18,7,7,8,8,5,15,18,7,8,19,6,15,18,11,10,3117.066973,3.493885439,4.493885439
"298",162624,13,13,14,9,7,19,12,7,13,14,7,12,13,5,13,14,11,12,884.894027,2.947381774,3.947381774
"299",162625,6,6,5,19,0.995842046,7,12,6,6,5,0.995842,12,5,7,13,16,0.995842,12,1003.342636,3.0018819,4.0018819
"300",163246,1,4,4,3,7,0.550810958,2,4,1,4,7,2,7,1.072434385,0.992,19,11,0.7509422,9,9,1
"301",163272,12,17,18,7,7,8,13,7,12,18,7,13,18,4,12,18,11,13,515.9416346,2.713441512,3.713441512
"302",163274,7,14,18,7,7,8,7,0.633940238,7,18,7,7,17,10,11,18,11,11,2.446924466,0.537431767,1.537431767
"303",163278,12,15,12,10,7,20,9,8,12,12,7,9,13,8,12,12,11,9,1139.522514,3.057103863,4.057103863
"304",163279,7,9,18,7,7,8,18,14,7,18,7,18,16,3,11,18,11,18,2.967382615,0.598504086,1.598504086
"305",163280,5,19,18,7,7,8,18,6,5,18,7,18,16,3,15,18,11,18,98.4956074,1.997803908,2.997803908
"306",163283,8,20,18,7,7,8,10,6,8,18,7,10,18,5,9,18,11,10,1377.211348,3.139315822,4.139315822
"307",163284,19,3,18,7,7,8,4,20,19,18,7,4,19,20,19,18,11,20,1902.223602,3.279489815,4.279489815
"308",163286,14,13,10,8,7,16,4,18,14,10,7,4,13,20,14,10,11,18,941.9144417,2.974472287,3.974472287
"309",163287,17,5,18,7,7,8,10,5,17,18,7,10,18,5,17,18,11,10,619.8600064,2.792993685,3.792993685
"310",163289,12,9,5,8,7,8,16,6,12,5,7,16,4,5,12,18,11,16,590.0450145,2.771620558,3.771620558
"311",163290,12,14,14,5,7,8,12,6,12,14,7,12,14,5,12,14,11,12,2702.070733,3.43185741,4.43185741
"312",163291,14,13,18,7,7,8,4,8,14,18,7,4,20,17,14,18,11,18,4765.852877,3.678231748,4.678231748
"313",163294,17,6,18,7,7,8,6,6,17,18,7,6,19,10,17,18,11,14,3650.782242,3.562504872,4.562504872
"314",163295,16,7,8,7,7,18,11,7,16,8,7,11,8,6,16,9,11,11,1904.976313,3.280117499,4.280117499
"315",163296,16,8,9,4,7,17,9,6,16,9,7,9,10,8,16,9,11,9,6318.958508,3.800714227,4.800714227
"316",163297,16,7,18,7,7,8,7,5,16,18,7,7,19,7,16,18,11,10,8715.37666,3.940335989,4.940335989
"317",163298,13,10,14,19,7,3,15,6,13,14,7,15,12,4,13,14,11,15,1060.852858,3.02606434,4.02606434
"318",163300,10,5,4,20,7,6,17,15,10,4,7,17,3,6,10,19,11,17,2475.691448,3.393871905,4.393871905
"319",163301,11,6,4,20,7,6,7,0.648149905,11,4,7,7,4,18,11,19,11,11,2950.011805,3.469970947,4.469970947
"320",163302,12,6,6,7,7,18,17,14,12,6,7,17,5,5,12,12,11,17,683.9439584,2.835655039,3.835655039
"321",163303,12,8,5,19,7,5,17,9,12,5,7,17,4,5,12,17,11,17,938.3482885,2.972826648,3.972826648
"322",163304,10,14,6,7,7,18,15,12,10,6,7,15,6,5,10,12,11,15,4161.114203,3.619313993,4.619313993
"323",163306,13,12,4,6,7,6,14,9,13,4,7,14,4,8,13,19,11,14,1547.841584,3.190007,4.190007
"324",163307,16,8,13,3,7,8,12,7,16,13,7,12,12,5,16,13,11,12,529.4468793,2.724641899,3.724641899
"325",163950,15,8,18,8,7,10,16,7,15,18,7,16,16,4,15,18,11,16,584.332136,2.767402368,3.767402368
"326",163951,14,8,7,9,7,20,15,8,14,7,7,15,6,5,14,12,11,15,562.1456906,2.750620765,3.750620765
"327",163953,14,11,18,7,7,8,13,7,14,18,7,13,18,4,14,18,11,13,531.4450541,2.726274797,3.726274797
"328",163967,9,10,3,7,7,12,17,10,9,3,7,17,3,7,9,20,11,17,465.0929592,2.668472543,3.668472543
"329",163968,19,3,18,7,7,8,3,4,19,18,7,3,20,20,19,18,11,20,354.2544457,2.550539521,3.550539521
"330",163969,20,2,18,7,7,8,5,4,20,18,7,5,20,13,20,18,11,17,1521.492598,3.18255519,4.18255519
"331",163974,12,17,18,7,7,8,7,5,12,18,7,7,19,7,12,18,11,10,738.0022838,2.868645781,3.868645781
"332",163975,18,4,18,7,7,8,10,4,18,18,7,10,19,5,18,18,11,10,1441.348107,3.159070089,4.159070089
"333",163976,16,9,15,3,7,8,6,8,16,15,7,6,16,12,16,15,11,13,1846.810656,3.266657467,4.266657467
"334",163977,15,11,7,3,7,17,4,18,15,7,7,4,9,20,15,11,11,19,498.0222029,2.698119869,3.698119869
"335",163978,15,10,14,3,7,8,9,6,15,14,7,9,15,6,15,14,11,9,5104.80395,3.708064135,4.708064135
"336",163979,12,16,9,15,7,4,11,6,12,9,7,11,9,6,12,9,11,11,8251.160405,3.916567661,4.916567661
"337",163980,15,7,18,7,7,8,13,5,15,18,7,13,18,4,15,18,11,13,1654.237796,3.218860395,4.218860395
"338",163981,17,7,18,7,7,8,6,5,17,18,7,6,19,10,17,18,11,14,1145.101208,3.05922297,4.05922297
"339",163984,10,7,3,10,7,6,17,15,10,3,7,17,3,7,10,20,11,17,1689.450469,3.22800245,4.22800245
"340",163985,9,18,4,20,7,6,6,20,9,4,7,6,4,20,9,19,11,14,778.9910143,2.8920896,3.8920896
"341",163987,16,10,18,7,7,8,9,5,16,18,7,9,19,6,16,18,11,9,2109.965034,3.32448104,4.32448104
"342",163990,16,7,15,18,7,4,14,6,16,15,7,14,14,5,16,15,11,14,375.2899105,2.575522574,3.575522574
"343",164629,3,4,3,15,16,8,3,10,3,3,16,3,4,0.789464512,0.5419,20,16,20,21.19300613,1.346216133,2.346216133
"344",164631,15,12,17,7,7,8,12,8,15,17,7,12,16,5,15,17,11,12,608.8415975,2.785217044,3.785217044
"345",164635,11,16,18,7,7,8,12,6,11,18,7,12,18,5,11,18,11,12,573.7503157,2.759479218,3.759479218
"346",164641,10,16,18,7,19,8,15,10,10,18,19,15,17,4,10,18,19,15,778.7842118,2.891974438,3.891974438
"347",164643,7,8,6,0.536966055,7,7,19,7,7,6,7,19,5,4,10,14,11,19,689.4765929,2.839148961,3.839148961
"348",164644,14,5,18,7,7,8,15,5,14,18,7,15,18,4,14,18,11,15,1023.407684,3.010472827,4.010472827
"349",164645,8,16,7,20,7,8,18,10,8,7,7,18,5,4,9,12,11,18,817.6261303,2.913085603,3.913085603
"350",164646,10,16,5,20,7,7,15,14,10,5,7,15,4,7,10,17,11,15,793.2937753,2.899981159,3.899981159
"351",164647,10,16,4,8,7,7,14,15,10,4,7,14,3,8,10,20,11,14,326.1421859,2.514736551,3.514736551
"352",164648,5,19,4,8,7,16,19,13,5,4,7,19,3,5,15,20,11,19,734.1291691,2.866363655,3.866363655
"353",164652,14,14,13,3,7,8,5,19,14,13,7,5,14,18,14,13,11,17,998.9842532,2.999993161,3.999993161
"354",164654,20,2,18,7,7,8,7,5,20,18,7,7,19,8,20,18,11,12,752.3210714,2.876980115,3.876980115
"355",164655,18,5,18,7,7,8,7,5,18,18,7,7,19,7,18,18,11,11,549.374099,2.740657987,3.740657987
"356",164656,19,3,18,7,7,8,11,6,19,18,7,11,18,5,19,18,11,11,727.7883256,2.862601407,3.862601407
"357",164658,16,8,18,7,7,8,7,6,16,18,7,7,19,7,16,18,11,11,1511.211159,3.179612439,4.179612439
"358",164659,15,7,4,5,7,8,13,6,15,4,7,13,4,8,15,19,11,13,720.4093722,2.85818178,3.85818178
"359",164660,15,8,4,3,7,20,14,8,15,4,7,14,4,7,15,18,11,14,2358.449092,3.372810611,4.372810611
"360",164661,11,15,4,5,7,12,13,12,11,4,7,13,4,8,11,19,11,13,313.4783092,2.497590696,3.497590696
"361",164663,7,17,3,7,7,10,17,14,7,3,7,17,3,7,11,20,11,17,736.8536429,2.867970226,3.867970226
"362",164664,5,15,3,7,7,9,18,17,5,3,7,18,2,7,15,0.5969222,11,18,421.2791253,2.625599613,3.625599613
"363",164665,10,9,4,10,7,6,8,19,10,4,7,8,3,18,10,20,11,10,2793.24755,3.446264879,4.446264879
"364",164670,10,18,5,18,7,7,12,10,10,5,7,12,5,7,10,16,11,12,716.6461833,2.855910379,3.855910379
"365",164672,15,11,18,7,7,8,7,7,15,18,7,7,19,7,15,18,11,10,1322.537902,3.121736383,4.121736383
"366",165316,12,17,18,7,7,8,9,10,12,18,7,9,18,6,12,18,11,9,831.4133462,2.920339035,3.920339035
"367",165325,7,20,18,7,7,8,11,8,7,18,7,11,18,5,10,18,11,11,164.4461707,2.21865672,3.21865672
"368",165327,14,10,18,7,7,8,14,7,14,18,7,14,18,4,14,18,11,14,1311.455755,3.118084672,4.118084672
"369",165329,8,17,4,20,7,12,16,16,8,4,7,16,4,7,9,19,11,16,315.1425526,2.499882956,3.499882956
"370",165331,11,18,18,7,7,8,5,19,11,18,7,5,19,17,11,18,11,17,617.6007606,2.79141045,3.79141045
"371",165332,16,4,12,6,7,8,17,7,16,12,7,17,10,4,16,12,11,17,1212.115705,3.083902225,4.083902225
"372",165333,7,18,7,7,7,18,19,8,7,7,7,19,6,4,12,11,11,19,1721.713289,3.236213004,4.236213004
"373",165337,14,9,18,7,7,8,14,8,14,18,7,14,17,4,14,18,11,14,616.3397497,2.790524242,3.790524242
"374",165338,20,-1.171316011,18,7,7,8,9,10,20,18,7,9,18,6,20,18,11,9,701.3366958,2.84654536,3.84654536
"375",165342,16,8,18,7,7,8,2,5,16,18,7,2,20,0.667935432,16,18,11,0.6375529,1274.158786,3.105564268,4.105564268
"376",165344,6,18,4,3,7,0.554625575,18,15,6,4,7,18,3,6,12,20,11,18,167.2237553,2.225887324,3.225887324
"377",165348,13,5,4,6,7,4,16,13,13,4,7,16,3,7,13,20,11,16,2267.573911,3.355752933,4.355752933
"378",165350,14,9,18,7,7,8,6,17,14,18,7,6,18,10,14,18,11,13,2998.010796,3.476978029,4.476978029
"379",165351,8,0.549857353,18,7,7,8,2,4,8,18,7,2,0.580001455,0.792788704,9,18,11,0.7509422,83.64951481,1.927624473,2.927624473
"380",165354,14,12,18,7,7,8,13,7,14,18,7,13,18,4,14,18,11,13,2556.234072,3.407770482,4.407770482
"381",165355,13,10,18,7,7,8,16,6,13,18,7,16,17,4,13,18,11,16,1968.101187,3.294268034,4.294268034
"382",165356,5,6,11,20,0.78438456,3,12,7,5,11,0.784385,12,11,5,17,11,0.784385,12,436.1705371,2.640650885,3.640650885
"383",165970,5,4,3,7,7,13,8,4,5,3,7,8,4,15,16,20,11,9,105.8202323,2.028653518,3.028653518
"384",165997,17,6,18,7,7,8,2,4,17,18,7,2,0.580001455,0.792788704,17,18,11,0.7509422,664.39259,2.82307796,3.82307796
"385",165999,9,18,18,7,7,8,5,20,9,18,7,5,19,16,9,18,11,16,9,9,1
"386",166001,4,8,7,20,7,5,6,0.594378198,4,7,7,6,6,17,19,11,11,13,86.97561867,1.94436233,2.94436233
"387",166009,10,16,4,10,16,7,15,10,10,4,16,15,4,7,10,19,16,15,1980.494065,3.296992776,4.296992776
"388",166010,5,18,3,6,17,11,19,16,5,3,17,19,2,6,15,0.5899061,17,19,1406.088533,3.148321424,4.148321424
"389",166013,7,20,5,8,7,7,13,8,7,5,7,13,5,7,11,15,11,13,1356.926908,3.132876394,4.132876394
"390",166014,15,8,15,17,7,4,7,6,15,15,7,7,16,8,15,15,11,10,963.2802556,2.984203274,3.984203274
"391",166015,13,11,15,7,7,8,14,6,13,15,7,14,14,4,13,15,11,14,1313.71918,3.118832999,4.118832999
"392",166017,11,9,4,5,7,7,18,7,11,4,7,18,3,5,11,19,11,18,1758.464277,3.245380454,4.245380454
"393",166021,17,6,18,7,7,8,7,4,17,18,7,7,19,7,17,18,11,11,1732.719055,3.238978722,4.238978722
"394",166022,20,2,18,7,7,8,8,7,20,18,7,8,18,6,20,18,11,9,1867.261073,3.271437565,4.271437565
"395",166028,15,10,16,15,7,4,13,8,15,16,7,13,15,5,15,16,11,13,2620.623715,3.418570357,4.418570357
"396",166029,12,8,4,20,7,5,16,10,12,4,7,16,4,6,12,18,11,16,2707.995501,3.432808284,4.432808284
"397",166034,12,17,18,7,7,8,8,8,12,18,7,8,18,7,12,18,11,10,3428.781209,3.535266417,4.535266417
"398",166035,12,15,18,7,7,8,11,7,12,18,7,11,18,5,12,18,11,11,1445.242559,3.160241137,4.160241137
"399",166036,13,15,18,7,7,8,11,6,13,18,7,11,18,5,13,18,11,11,2026.175343,3.306891315,4.306891315
"400",166691,7,17,4,20,18,9,10,0.54973677,7,4,18,10,4,15,11,19,18,10,2662.149629,3.425395568,4.425395568
"401",166694,6,0.62559009,7,20,7,7,5,20,6,7,7,5,7,20,12,11,11,17,446.642857,2.650931659,3.650931659
"402",166695,11,10,18,7,7,8,4,17,11,18,7,4,19,19,11,18,11,19,877.2942056,2.943640018,3.943640018
"403",166696,10,13,18,7,7,8,16,8,10,18,7,16,17,4,10,18,11,16,3016.645713,3.47966825,4.47966825
"404",166697,9,17,4,20,7,8,12,17,9,4,7,12,4,11,9,19,11,12,2431.255294,3.386009157,4.386009157
"405",166699,9,15,10,4,7,7,11,8,9,10,7,11,9,6,9,10,11,11,2462.350555,3.39152622,4.39152622
"406",166700,6,20,18,7,7,8,6,20,6,18,7,6,18,14,14,18,11,15,22.94804196,1.37927001,2.37927001
"407",166701,12,11,18,7,7,8,13,10,12,18,7,13,17,5,12,18,11,13,1136.768808,3.056054023,4.056054023
"408",166702,14,13,18,7,7,8,10,7,14,18,7,10,18,5,14,18,11,10,547.1915235,2.738932316,3.738932316
"409",166705,13,4,3,13,7,6,18,10,13,3,7,18,3,6,13,20,11,18,781.013487,2.893214243,3.893214243
"410",166706,13,14,12,19,7,3,7,5,13,12,7,7,14,9,13,12,11,11,1064.22395,3.027440922,4.027440922
"411",166707,14,15,9,19,7,8,10,8,14,9,7,10,9,7,14,9,11,10,651.9019077,2.814847938,3.814847938
"412",166710,11,18,16,15,7,4,13,7,11,16,7,13,15,5,11,16,11,13,275.3318969,2.441431018,3.441431018
"413",166711,9,7,7,20,7,5,19,9,9,7,7,19,5,4,9,11,11,19,294.3451699,2.470329873,3.470329873
"414",166713,14,12,18,7,7,8,9,6,14,18,7,9,18,6,14,18,11,9,2332.749378,3.368054215,4.368054215
"415",166714,14,13,18,7,7,8,8,6,14,18,7,8,19,6,14,18,11,9,844.2186714,2.926969082,3.926969082
"416",166718,12,14,18,7,7,8,15,6,12,18,7,15,18,4,12,18,11,15,1611.031953,3.207373646,4.207373646
"417",166720,13,15,18,7,7,8,11,8,13,18,7,11,18,5,13,18,11,11,2953.529367,3.470488311,4.470488311
"418",166721,9,7,12,20,9,3,9,11,9,12,9,9,12,7,9,12,9,9,1292.621237,3.111807137,4.111807137
"419",167375,9,20,18,7,7,8,2,4,9,18,7,2,0.580001455,0.792788704,9,18,11,0.7509422,12.72236171,1.137428863,2.137428863
"420",167376,9,20,18,7,7,8,2,4,9,18,7,2,0.580001455,0.792788704,9,18,11,0.7509422,2.762330818,0.57545698,1.57545698
"421",167378,11,17,18,7,7,8,14,7,11,18,7,14,17,4,11,18,11,14,1984.240931,3.297813221,4.297813221
"422",167380,11,11,7,19,7,4,15,9,11,7,7,15,6,5,11,10,11,15,3124.707463,3.49494833,4.49494833
"423",167381,9,20,18,7,7,8,2,4,9,18,7,2,0.550465861,0.726529791,9,18,11,0.6907671,1389.915111,3.143300625,4.143300625
"424",167385,6,17,4,13,7,7,19,16,6,4,7,19,3,5,13,19,11,19,2828.998194,3.451786158,4.451786158
"425",167386,13,11,7,20,7,5,15,9,13,7,7,15,6,5,13,10,11,15,450.8882565,2.655031055,3.655031055
"426",167387,18,4,13,19,7,3,4,18,18,13,7,4,15,19,18,13,11,18,9373.30373,3.971939021,4.971939021
"427",167391,12,16,15,9,7,18,10,5,12,15,7,10,15,6,12,15,11,10,1114.14615,3.047331789,4.047331789
"428",167397,13,17,18,7,7,8,4,10,13,18,7,4,20,19,13,18,11,19,793.6084136,2.900153159,3.900153159
"429",167398,9,18,18,7,7,8,12,7,9,18,7,12,18,5,9,18,11,12,526.7035861,2.722390046,3.722390046
"430",167399,9,17,18,7,7,8,12,6,9,18,7,12,18,5,9,18,11,12,941.8268274,2.974431932,3.974431932
"431",167400,15,11,10,19,7,6,9,6,15,10,7,9,10,8,15,10,11,9,399.8814527,2.603015964,3.603015964
"432",167402,13,16,11,18,7,6,13,8,13,11,7,13,9,6,13,11,11,13,1067.933412,3.028950652,4.028950652
"433",167403,10,16,9,18,7,4,18,9,10,9,7,18,7,4,10,9,11,18,1913.793398,3.282121921,4.282121921
"434",167404,7,6,7,18,7,3,13,10,7,7,7,13,6,6,10,12,11,13,1169.553279,3.068391186,4.068391186
"435",168054,8,19,4,20,15,8,16,15,8,4,15,16,4,6,10,19,15,16,694.6167345,2.842370021,3.842370021
"436",168058,6,20,18,7,7,8,15,6,6,18,7,15,18,4,12,18,11,15,7.94511234,0.951585799,1.951585799
"437",168060,9,16,4,19,7,10,17,10,9,4,7,17,4,5,9,18,11,17,2730.368751,3.436380336,4.436380336
"438",168062,10,11,5,19,7,11,17,11,10,5,7,17,4,5,10,16,11,17,423.7022556,2.628084568,3.628084568
"439",168064,7,20,10,18,17,3,5,19,7,10,17,5,11,19,10,10,17,18,401.8193103,2.605110282,3.605110282
"440",168066,7,18,4,0.545569512,7,8,16,15,7,4,7,16,3,6,11,19,11,16,2205.058528,3.34361703,4.34361703
"441",168069,16,8,18,7,7,8,9,6,16,18,7,9,18,5,16,18,11,9,12055.61118,4.081225255,5.081225255
"442",168070,18,5,18,7,7,8,7,7,18,18,7,7,19,8,18,18,11,12,581.6462124,2.765404928,3.765404928
"443",168071,18,3,15,17,7,4,7,7,19,15,7,7,16,8,19,15,11,11,5395.840652,3.732139595,4.732139595
"444",168077,16,9,18,7,7,8,7,5,16,18,7,7,19,7,16,18,11,11,1545.961441,3.189479489,4.189479489
"445",168078,12,17,18,7,7,8,10,6,12,18,7,10,18,5,12,18,11,10,551.1361938,2.742046217,3.742046217
"446",168079,12,16,18,7,7,8,12,9,12,18,7,12,18,5,12,18,11,12,1510.778797,3.17948825,4.17948825
"447",168082,7,17,4,6,7,10,16,11,7,4,7,16,3,7,10,20,11,16,409.5379183,2.613353276,3.613353276
"448",168083,13,12,7,20,7,6,11,10,13,7,7,11,7,8,13,11,11,11,634.4092308,2.80305352,3.80305352
"449",168084,9,16,7,20,7,10,18,8,9,7,7,18,6,4,9,12,11,18,2198.551016,3.342334039,4.342334039
"450",168086,10,15,4,20,7,8,17,10,10,4,7,17,4,5,10,18,11,17,658.1135424,2.818960235,3.818960235
"451",168736,8,18,4,6,16,8,17,9,8,4,16,17,3,6,10,20,16,17,773.9588068,2.889278618,3.889278618
"452",168738,14,12,14,6,7,7,11,6,14,14,7,11,13,6,14,14,11,11,483.7591129,2.685525982,3.685525982
"453",168744,7,18,8,8,7,19,17,8,7,8,7,17,7,4,11,9,11,17,156.8772213,2.198319474,3.198319474
"454",168748,9,15,16,8,7,16,17,10,9,16,7,17,13,4,9,16,11,17,3042.006573,3.48330289,4.48330289
"455",168750,15,10,18,7,7,8,13,8,15,18,7,13,18,5,15,18,11,13,5211.015536,3.717005702,4.717005702
"456",168755,14,7,4,3,7,20,13,9,14,4,7,13,4,9,14,19,11,13,1073.587409,3.031241748,4.031241748
"457",168756,16,6,13,5,7,17,10,5,16,13,7,10,14,6,16,13,11,10,3055.125574,3.485171195,4.485171195
"458",168757,20,1,15,9,7,18,6,7,20,15,7,6,16,11,20,15,11,12,1487.862801,3.172854679,4.172854679
"459",168758,20,2,18,7,7,8,8,6,20,18,7,8,19,6,20,18,11,9,168.4563508,2.22905785,3.22905785
"460",168761,14,10,18,7,7,8,10,6,14,18,7,10,18,5,14,18,11,10,2749.492317,3.439410436,4.439410436
"461",168762,10,19,14,9,7,19,6,6,10,14,7,6,16,13,10,14,11,14,973.0354733,2.988574774,3.988574774
"462",168763,14,11,8,20,7,8,13,7,14,8,7,13,7,6,14,10,11,13,7026.773485,3.846817755,4.846817755
"463",168764,15,10,14,3,7,9,11,6,15,14,7,11,14,6,15,14,11,11,282.4578707,2.45248852,3.45248852
"464",168765,11,13,18,7,7,8,14,9,11,18,7,14,17,4,11,18,11,14,739.152549,2.869321239,3.869321239
"465",168767,12,16,5,20,7,4,9,12,12,5,7,9,5,10,12,15,11,9,1712.680869,3.233929948,4.233929948
"466",168768,8,16,4,20,7,10,16,15,8,4,7,16,3,7,9,19,11,16,1039.456415,3.017223892,4.017223892
"467",168769,13,14,9,19,7,5,12,6,13,9,7,12,9,6,13,9,11,12,2335.188228,3.368507831,4.368507831
"468",169416,8,14,5,19,7,7,15,16,8,5,7,15,5,6,10,16,11,15,305.7391191,2.486769166,3.486769166
"469",169417,6,18,4,20,7,10,18,11,6,4,7,18,4,5,13,18,11,18,264.5363879,2.424124043,3.424124043
"470",169424,14,7,9,8,7,18,13,6,14,9,7,13,9,5,14,9,11,13,9,9,1
"471",169428,7,17,6,8,7,20,11,17,7,6,7,11,5,8,11,14,11,11,511.6152939,2.709791559,3.709791559
"472",169429,11,14,6,8,7,20,15,9,12,6,7,15,6,5,12,12,11,15,1812.813698,3.258592677,4.258592677
"473",169434,10,17,5,19,7,5,11,12,10,5,7,11,5,8,10,15,11,11,774.2173637,2.889423492,3.889423492
"474",169440,0.129991191,14,16,16,7,4,11,6,14,16,7,11,15,5,14,16,11,11,2103.268676,3.32310119,4.32310119
"475",169441,14,12,17,14,7,5,11,6,14,17,7,11,16,5,14,17,11,11,1596.333878,3.203395703,4.203395703
"476",169442,13,15,18,7,7,8,11,5,13,18,7,11,18,5,13,18,11,11,2476.359753,3.393989078,4.393989078
"477",169445,19,2,10,18,7,10,5,20,19,10,7,5,11,19,19,10,11,16,7230.096681,3.859204168,4.859204168
"478",169446,12,16,9,20,7,6,9,6,12,9,7,9,9,8,12,9,11,9,1270.642227,3.104364941,4.104364941
"479",169447,8,19,18,7,7,8,12,6,8,18,7,12,18,5,9,18,11,12,1607.208845,3.206342446,4.206342446
"480",169451,14,14,8,6,7,3,8,11,14,8,7,8,8,10,14,9,11,9,1519.055462,3.181859434,4.181859434
"481",169453,5,8,4,20,7,7,15,11,5,4,7,15,4,7,17,19,11,15,425.5843302,2.630004898,3.630004898
"482",170050,1,3,7,20,7,10,2,4,1,7,7,2,17,0.952070025,0.9565,10,11,0.7509422,9,9,1
"483",170101,6,18,3,5,7,9,19,16,6,3,7,19,2,6,13,0.6054582,11,19,318.2787456,2.504170008,3.504170008
"484",170108,13,9,14,9,7,19,7,15,13,14,7,7,14,10,13,14,11,11,126.1076872,2.104171817,3.104171817
"485",170110,11,13,8,8,7,19,17,7,11,8,7,17,6,4,11,10,11,17,546.2937119,2.738220458,3.738220458
"486",170111,13,11,18,7,7,8,14,6,13,18,7,14,18,4,13,18,11,14,410.587148,2.614461805,3.614461805
"487",170112,12,14,18,7,7,8,14,6,12,18,7,14,18,4,12,18,11,14,3067.006025,3.486856208,4.486856208
"488",170114,12,17,18,7,7,8,12,6,12,18,7,12,18,5,12,18,11,12,1301.960091,3.114931114,4.114931114
"489",170116,11,16,14,18,7,4,13,8,11,14,7,13,13,5,11,14,11,13,1851.732951,3.267812826,4.267812826
"490",170117,7,18,4,19,7,14,15,17,7,4,7,15,4,8,11,19,11,15,393.2061581,2.595723404,3.595723404
"491",170118,12,10,5,19,7,8,10,14,12,5,7,10,5,10,12,16,11,10,632.6257691,2.801832831,3.801832831
"492",170119,14,11,18,7,7,8,12,5,14,18,7,12,18,5,14,18,11,12,4082.409679,3.611022954,4.611022954
"493",170125,12,17,15,18,7,4,10,8,12,15,7,10,14,6,12,15,11,10,1357.166492,3.132953012,4.132953012
"494",170126,12,15,18,7,7,8,11,5,12,18,7,11,18,5,12,18,11,11,313.57826,2.497728706,3.497728706
"495",170127,17,6,18,7,7,8,9,7,17,18,7,9,18,5,17,18,11,9,1905.831314,3.280312275,4.280312275
"496",170130,8,12,6,0.588619123,7,5,17,15,8,6,7,17,5,5,10,13,11,17,249.255719,2.398384011,3.398384011
"497",170132,4,20,4,12,7,8,20,18,4,4,7,20,3,5,19,20,11,20,8363.545048,3.922442324,4.922442324
"498",170134,10,11,3,8,7,7,17,16,10,3,7,17,3,7,10,20,11,17,278.3168292,2.446097103,3.446097103
"499",170136,12,13,4,13,7,6,14,8,13,4,7,14,4,7,13,18,11,14,487.8572758,2.689182083,3.689182083
"500",170137,10,14,18,7,0.924914663,8,11,6,10,18,0.924915,11,18,5,10,18,0.924915,11,596.9919185,2.776695315,3.776695315
"501",170781,11,16,7,8,7,19,11,13,11,7,7,11,6,8,11,11,11,11,327.3995649,2.516402573,3.516402573
"502",170784,7,20,13,6,7,8,19,8,7,13,7,19,9,3,12,13,11,19,265.8394554,2.426250046,3.426250046
"503",170785,12,16,18,7,7,8,11,6,12,18,7,11,18,5,12,18,11,11,291.4304205,2.466022549,3.466022549
"504",170787,8,20,18,7,7,8,6,4,8,18,7,6,19,8,9,18,11,13,9,9,1
"505",170791,7,10,6,9,7,0.550647998,15,17,7,6,7,15,5,6,10,13,11,15,458.1840518,2.661986796,3.661986796
"506",170792,14,11,18,7,7,8,12,7,14,18,7,12,18,5,14,18,11,12,589.6187233,2.77130721,3.77130721
"507",170794,14,11,18,7,7,8,14,6,14,18,7,14,18,4,14,18,11,14,586.934143,2.769328682,3.769328682
"508",170798,9,16,4,20,7,9,16,12,9,4,7,16,4,6,9,19,11,16,415.7985004,2.619926148,3.619926148
"509",170799,8,17,4,20,7,9,16,14,8,4,7,16,4,6,9,19,11,16,442.5194381,2.646912658,3.646912658
"510",170804,13,15,18,7,7,8,10,6,13,18,7,10,18,5,13,18,11,10,2801.188217,3.447497303,4.447497303
"511",170806,15,10,16,8,7,15,12,7,15,16,7,12,16,5,15,16,11,12,1105.659501,3.044014017,4.044014017
"512",170807,13,13,18,7,7,8,13,6,13,18,7,13,18,4,13,18,11,13,361.4438047,2.559240681,3.559240681
"513",170811,16,8,18,7,7,8,11,6,16,18,7,11,18,5,16,18,11,11,1830.094654,3.262710795,4.262710795
"514",170813,17,4,13,19,7,3,15,7,17,13,7,15,11,4,17,13,11,15,510.5273384,2.708868849,3.708868849
"515",170817,15,8,5,5,7,10,6,0.544539815,15,5,7,6,4,19,15,18,11,14,186.1365572,2.272158635,3.272158635
"516",170818,13,8,7,2,7,8,17,9,13,7,7,17,6,4,13,11,11,17,273.0619082,2.437848677,3.437848677
"517",171475,12,9,15,18,7,4,18,7,12,15,7,18,11,4,12,15,11,18,2107.544577,3.323982787,4.323982787
"518",171477,11,15,8,7,18,18,16,11,11,8,18,16,6,5,11,10,18,16,756.4300351,2.879342523,3.879342523
"519",171483,16,5,7,18,7,6,16,6,16,7,7,16,6,5,16,11,11,16,2259.438776,3.354192749,4.354192749
"520",171485,11,16,18,7,7,8,14,7,11,18,7,14,18,4,11,18,11,14,1386.258149,3.142157285,4.142157285
"521",171486,13,9,18,7,7,8,13,6,13,18,7,13,18,4,13,18,11,13,514.0262724,2.711829384,3.711829384
"522",171489,15,9,13,19,7,3,10,7,15,13,7,10,12,6,15,13,11,10,412.3361139,2.616303352,3.616303352
"523",171490,13,13,15,17,7,4,14,6,13,15,7,14,14,5,13,15,11,14,2264.523944,3.355168657,4.355168657
"524",171494,16,7,18,7,7,8,12,6,16,18,7,12,18,5,16,18,11,12,1327.653397,3.123411702,4.123411702
"525",171495,15,8,5,6,7,3,11,8,15,5,7,11,5,7,15,15,11,11,656.5374799,2.817920513,3.817920513
"526",171496,13,3,15,9,7,18,6,20,13,15,7,6,15,16,13,15,11,15,261.1319341,2.418519932,3.418519932
"527",171500,20,1,9,3,7,17,12,8,20,9,7,12,8,6,20,9,11,12,1560.720273,3.193603248,4.193603248
"528",171502,3,11,3,6,0.853863349,12,7,8,3,3,0.853863,7,3,19,20,20,0.853863,12,162.2620905,2.212885353,3.212885353
"529",172144,5,6,4,7,7,8,11,9,5,4,7,11,3,12,16,20,11,11,449.5591998,2.653751862,3.653751862
"530",172149,10,9,7,19,7,3,16,8,10,7,7,16,6,5,10,11,11,16,1020.27625,3.009143232,4.009143232
"531",172150,9,5,18,7,7,8,7,0.636714948,9,18,7,7,17,10,9,18,11,11,140.5565688,2.150930027,3.150930027
"532",172151,6,19,6,8,7,20,16,8,6,6,7,16,5,5,14,14,11,16,252.8819983,2.404631908,3.404631908
"533",172155,12,6,5,20,18,6,8,19,12,5,18,8,5,15,12,17,18,9,690.5791132,2.839841868,3.839841868
"534",172161,8,15,5,8,7,20,18,11,8,5,7,18,5,4,9,15,11,18,859.0378129,2.934517546,3.934517546
"535",172164,10,15,5,16,7,14,17,8,10,5,7,17,4,5,10,16,11,17,530.5077626,2.725509612,3.725509612
"536",172167,15,9,18,7,7,8,12,5,15,18,7,12,18,5,15,18,11,12,3733.484916,3.57223071,4.57223071
"537",172168,14,10,18,7,7,8,11,5,14,18,7,11,18,5,14,18,11,11,1378.290443,3.139655727,4.139655727
"538",172170,7,19,17,10,7,6,17,7,7,17,7,17,16,4,11,17,11,17,947.2986389,2.976945127,3.976945127
"539",172175,13,14,18,7,7,8,10,5,13,18,7,10,18,5,13,18,11,10,2516.936236,3.401044728,4.401044728
"540",172180,6,6,4,20,7,6,6,14,6,4,7,6,5,19,13,18,11,15,1664.785317,3.22161903,4.22161903
"541",172183,8,2,3,6,7,10,5,20,8,3,7,5,3,0.539647849,10,0.5728491,11,16,249.3674856,2.398577928,3.398577928
"542",172819,2,5,18,7,7,8,5,19,2,18,7,5,19,17,0.7435,18,11,18,23.80427655,1.394526565,2.394526565
"543",172835,8,19,4,19,14,9,14,10,8,4,14,14,4,7,9,18,14,14,463.6475555,2.667123657,3.667123657
"544",172836,10,16,7,9,7,20,14,6,10,7,7,14,6,6,10,12,11,14,537.0240992,2.730801729,3.730801729
"545",172839,9,5,4,20,7,5,19,11,9,4,7,19,3,4,9,19,11,19,376.0536476,2.576403146,3.576403146
"546",172840,13,4,5,18,7,7,18,11,13,5,7,18,4,4,13,17,11,18,431.9157827,2.636403419,3.636403419
"547",172851,11,18,18,7,7,8,4,13,11,18,7,4,20,20,11,18,11,20,508.0186141,2.706733664,3.706733664
"548",172865,8,6,3,4,7,16,6,0.599992634,8,3,7,6,3,20,9,20,11,12,233.6108328,2.370348061,3.370348061
"549",172866,16,3,9,4,7,19,13,9,16,9,7,13,8,6,16,9,11,13,233.4554193,2.370060276,3.370060276
"550",172867,11,6,11,4,7,5,15,7,11,11,7,15,9,5,11,11,11,15,528.155274,2.723583129,3.723583129
"551",172869,2,20,13,10,0.576628176,19,5,20,2,13,0.576628,5,15,19,0.7132,13,0.576628,17,346.0746551,2.540422901,3.540422901
"552",173477,3,13,3,5,7,19,3,2,3,3,7,3,5,0.907047121,20,20,11,0.6032511,10,9,1.020727544
"553",173501,3,8,8,20,7,5,5,19,3,8,7,5,9,20,20,10,11,18,106.1877273,2.030145063,3.030145063
"554",173512,3,5,18,7,7,8,5,19,3,18,7,5,19,18,20,18,11,18,335.6142309,2.527132473,3.527132473
"555",173513,5,2,10,17,7,4,5,20,5,10,7,5,10,18,15,10,11,16,573.6515297,2.759404567,3.759404567
"556",173514,6,20,10,11,7,5,5,19,6,10,7,5,12,19,12,10,11,17,379.0911598,2.579887769,3.579887769
"557",173516,11,17,6,20,7,5,14,10,11,6,7,14,5,6,11,15,11,14,277.6439766,2.445049659,3.445049659
"558",173519,5,11,5,20,7,5,6,0.536826912,5,5,7,6,5,19,16,16,11,14,515.9134283,2.713417814,3.713417814
"559",173523,15,6,12,10,7,20,10,8,15,12,7,10,11,7,15,12,11,10,653.8115498,2.816116331,3.816116331
"560",173525,15,3,4,20,7,7,6,0.611435593,15,4,7,6,4,19,15,19,11,12,502.0033761,2.7015709,3.7015709
"561",173529,7,20,12,10,7,20,12,10,7,12,7,12,11,6,11,12,11,12,178.7657429,2.254706934,3.254706934
"562",173533,12,12,10,5,7,4,17,7,12,10,7,17,8,4,12,10,11,17,628.6957548,2.799130765,3.799130765
"563",173534,15,10,18,7,7,8,10,6,15,18,7,10,18,5,15,18,11,10,303.6324112,2.483776108,3.483776108
"564",173542,2,6,3,16,7,6,9,5,2,3,7,9,3,16,0.7085,0.5776932,11,9,47.46872237,1.685461572,2.685461572
"565",173543,3,7,3,5,7,5,17,5,3,3,7,17,3,6,0.5468,20,11,17,9,9,1
"566",173552,4,0.568711442,9,19,17,6,20,8,4,9,17,20,6,3,18,9,17,20,260.2165625,2.41700071,3.41700071
"567",173553,5,20,8,20,7,7,16,9,5,8,7,16,6,5,17,10,11,16,9,9,1
"568",174198,14,11,10,18,7,7,14,8,14,10,7,14,9,5,14,10,11,14,343.5836578,2.537294677,3.537294677
"569",174199,5,13,8,20,7,5,17,20,5,8,7,17,6,5,17,9,11,17,234.0350244,2.371132585,3.371132585
"570",174202,5,13,4,4,7,20,16,19,5,4,7,16,4,7,17,18,11,16,365.3723101,2.563922643,3.563922643
"571",174204,13,16,15,7,7,8,13,14,13,15,7,13,12,5,13,15,11,13,437.1511393,2.641623945,3.641623945
"572",174207,13,13,5,20,7,8,14,7,13,5,7,14,5,7,13,16,11,14,416.3906994,2.620542768,3.620542768
"573",174209,12,7,15,9,7,18,8,10,12,15,7,8,15,8,12,15,11,9,156.3587357,2.196890858,3.196890858
"574",174228,3,7,3,5,7,9,5,19,3,3,7,5,3,0.642704912,0.547,0.5984519,11,18,245.7028037,2.392174085,3.392174085
"575",174231,12,15,4,4,7,6,14,15,12,4,7,14,4,8,12,19,11,14,574.5800462,2.76010573,3.76010573
"576",174232,15,5,12,10,7,20,14,9,15,12,7,14,11,5,15,12,11,14,502.173945,2.701718145,3.701718145
"577",174234,6,0.587247215,18,7,7,8,16,9,6,18,7,16,17,4,14,18,11,16,49.56932865,1.703887188,2.703887188
"578",174238,17,6,18,7,7,8,10,6,17,18,7,10,18,5,17,18,11,10,1142.591852,3.058271052,4.058271052
"579",174862,14,7,5,5,7,3,14,9,14,5,7,14,4,7,14,18,11,14,294.1013244,2.469971159,3.469971159
"580",174876,4,5,4,19,7,9,4,19,4,4,7,4,5,20,18,19,11,18,142.7787848,2.157694809,3.157694809
"581",174882,2,3,4,4,7,20,7,0.63870428,2,4,7,7,4,18,0.7658,18,11,11,295.5306788,2.472069632,3.472069632
"582",174888,13,13,6,8,7,18,14,9,13,6,7,14,5,6,13,14,11,14,409.8496371,2.613682908,3.613682908
"583",174894,8,14,7,20,7,11,17,9,8,7,7,17,6,5,9,12,11,17,1022.536155,3.010103188,4.010103188
"584",174911,4,5,3,5,7,10,5,19,4,3,7,5,3,20,19,0.568053,11,15,330.7489311,2.520809532,3.520809532
"585",174912,6,6,3,4,7,9,16,8,6,3,7,16,3,8,14,0.5372747,11,16,417.9480024,2.622160124,3.622160124
"586",174913,9,8,5,3,7,20,15,8,9,5,7,15,4,6,9,18,11,15,321.3692362,2.50835359,3.50835359
"587",174914,12,14,5,5,7,10,15,7,12,5,7,15,5,6,12,15,11,15,535.9556564,2.729938422,3.729938422
"588",174915,13,8,16,4,7,8,17,7,13,16,7,17,14,4,13,16,11,17,3976.001863,3.599555794,4.599555794
"589",174920,12,12,7,20,7,7,17,8,12,7,7,17,6,5,12,11,11,17,1628.503706,3.212055353,4.212055353
"590",175551,1,3,13,6,17,8,3,8,1,13,17,3,18,0.58765237,1.043,13,17,20,9,9,1
"591",175559,1,2,7,8,7,19,4,15,1,7,7,4,10,20,0.9952,10,11,19,4.527723575,0.742546317,1.742546317
"592",175560,3,10,5,18,7,8,7,6,3,5,7,7,5,16,0.5854,17,11,12,289.7781548,2.463561776,3.463561776
"593",175566,7,6,4,7,7,12,10,13,7,4,7,10,4,12,11,19,11,10,336.303588,2.528020961,3.528020961
"594",175568,12,14,17,7,7,8,16,7,12,17,7,16,15,4,12,17,11,16,1214.887258,3.084893307,4.084893307
"595",175572,5,10,18,7,7,8,11,8,5,18,7,11,18,5,15,18,11,11,179.0908493,2.255491646,3.255491646
"596",175575,11,16,8,8,7,19,16,6,11,8,7,16,7,5,11,9,11,16,377.009144,2.577502306,3.577502306
"597",175579,13,10,8,19,7,15,16,9,13,8,7,16,7,5,13,9,11,16,418.6396801,2.622876547,3.622876547
"598",175596,5,6,4,4,7,17,11,5,5,4,7,11,4,11,16,20,11,11,824.1116936,2.916512742,3.916512742
"599",175597,5,6,5,3,7,0.563655666,15,7,5,5,7,15,5,6,15,16,11,15,609.2032539,2.785474519,3.785474519
"600",175601,8,0.537184439,18,7,7,8,4,17,8,18,7,4,19,19,9,18,11,19,385.4980892,2.587147351,3.587147351
"601",175603,5,5,6,20,7,16,5,19,5,6,7,5,7,20,17,13,11,17,672.4082218,2.828278414,3.828278414
"602",176252,13,13,13,6,7,8,12,6,13,13,7,12,12,5,13,13,11,12,722.1808812,2.859246936,3.859246936
"603",176256,10,13,15,17,7,4,18,6,10,15,7,18,12,3,10,15,11,18,618.1987105,2.791830043,3.791830043
"604",176267,-0.636538917,3,7,20,7,6,8,5,3,7,7,8,8,10,0.6365,11,11,10,54.21078526,1.742023924,2.742023924
"605",176280,5,6,5,0.544283972,7,11,12,11,5,5,7,12,5,8,16,15,11,12,444.5079055,2.648855415,3.648855415
"606",176281,10,17,7,20,7,6,16,10,10,7,7,16,6,5,10,11,11,16,428.3111572,2.632772175,3.632772175
"607",176284,11,3,13,11,7,17,15,9,11,13,7,15,11,5,11,13,11,15,921.607306,2.965016889,3.965016889
"608",176884,1,4,5,20,7,9,2,4,1,5,7,2,11,1.019957233,0.9787,16,11,0.7509422,9,9,1
"609",176929,4,9,3,7,14,10,6,0.571084275,4,3,14,6,3,20,18,20,14,13,236.0705408,2.37487759,3.37487759
"610",176931,12,14,13,10,7,20,15,8,12,13,7,15,11,5,12,13,11,15,501.5764739,2.701202155,3.701202155
"611",176932,8,20,6,18,7,6,12,6,8,6,7,12,6,7,9,13,11,12,595.8944935,2.775897572,3.775897572
"612",176937,9,3,8,19,7,11,5,14,9,8,7,5,10,19,9,9,11,18,679.98197,2.833135613,3.833135613
"613",176942,9,16,10,16,7,5,13,12,9,10,7,13,9,6,9,10,11,13,377.8070771,2.578418084,3.578418084
"614",176946,13,11,4,6,7,9,13,12,13,4,7,13,4,9,13,20,11,13,712.4308263,2.853351871,3.853351871
"615",176960,-0.450567518,7,3,4,7,8,7,10,3,3,7,7,3,19,20,20,11,11,497.4995822,2.697664799,3.697664799
"616",176965,8,7,18,7,7,8,11,6,8,18,7,11,18,5,9,18,11,11,697.1372479,2.84394081,3.84394081
"617",176966,6,7,16,8,7,16,14,6,6,16,7,14,15,4,15,16,11,14,494.364735,2.694925086,3.694925086
"618",177609,3,10,4,20,7,5,8,5,3,4,7,8,4,16,20,20,11,10,20.86144258,1.339678817,2.339678817
"619",177615,6,6,8,19,7,12,12,8,6,8,7,12,7,6,14,9,11,12,669.1217687,2.826153726,3.826153726
"620",177631,2,6,12,20,7,3,6,20,2,12,7,6,11,17,0.6816,12,11,15,330.2775735,2.520192036,3.520192036
"621",177639,1,3,5,18,7,5,4,18,1,5,7,4,6,20,1.007,16,11,18,1.131890815,19,1.328764958
"622",177646,9,6,18,7,7,8,17,7,9,18,7,17,17,4,9,18,11,17,508.919796,2.707501872,3.707501872
"623",177650,1,3,9,7,7,3,12,5,1,9,7,12,9,6,0.8824,9,11,12,195.8539023,2.294144028,3.294144028
"624",177652,4,6,9,10,15,0.560700334,14,10,4,9,15,14,7,6,19,9,15,14,416.7368001,2.620902736,3.620902736
"625",178285,1,3,3,5,7,14,9,5,1,3,7,9,3,16,0.918,0.5789579,11,9,1.423564592,19,1.384454599
"626",178295,6,11,5,19,7,9,15,8,6,5,7,15,4,6,14,18,11,15,269.2631587,2.431786848,3.431786848
"627",178299,3,9,8,7,7,18,8,3,3,8,7,8,10,7,0.5449,9,11,9,204.3627777,2.31252173,3.31252173
"628",178301,4,3,14,19,7,3,9,5,4,14,7,9,14,6,20,14,11,9,69.64812469,1.849100638,2.849100638
"629",178310,7,17,7,19,11,9,16,8,7,7,11,16,6,5,11,11,11,16,367.9143344,2.56692553,3.56692553
"630",178313,2,3,13,19,7,3,3,7,2,13,7,3,18,0.603024749,0.7974,13,11,20,338.7290671,2.531132707,3.531132707
"631",178329,4,6,4,20,7,8,9,6,4,4,7,9,5,12,19,18,11,9,573.7192254,2.759455725,3.759455725
"632",178343,6,8,4,20,7,7,16,11,6,4,7,16,4,6,14,18,11,16,1403.517763,3.147527236,4.147527236
"633",178344,5,8,5,9,7,0.610279595,11,6,5,5,7,11,5,8,17,15,11,11,480.2072096,2.682332125,3.682332125
"634",178966,1,3,8,14,7,4,7,5,1,8,7,7,9,9,0.8896,9,11,10,9,9,1
"635",178989,3,8,11,11,7,20,4,16,3,11,7,4,14,20,0.57,11,11,19,484.7289513,2.68639399,3.68639399
"636",178994,3,3,18,7,7,8,4,17,3,18,7,4,19,19,0.5801,18,11,19,787.2632651,2.896671288,3.896671288
"637",179016,5,7,8,4,7,20,17,7,5,8,7,17,7,5,16,9,11,17,301.3726901,2.480542564,3.480542564
"638",179020,8,19,8,3,7,19,15,9,8,8,7,15,7,5,9,10,11,15,394.2394641,2.596860302,3.596860302
"639",179024,14,7,8,15,7,4,12,10,14,8,7,12,7,6,14,9,11,12,373.0731022,2.572956481,3.572956481
"640",179650,2,6,5,20,6,11,4,14,2,5,6,4,6,0.642644997,0.7573,18,12,20,38.28014431,1.594173075,2.594173075
"641",179652,4,11,7,8,7,20,15,9,4,7,7,15,6,5,19,12,11,15,170.4568079,2.234154734,3.234154734
"642",179673,2,7,15,9,7,18,4,16,2,15,7,4,17,20,0.6654,15,11,19,211.4812678,2.327320649,3.327320649
"643",179692,3,11,7,19,7,4,4,18,3,7,7,4,8,20,20,12,11,18,504.6738008,2.703870453,3.703870453
"644",180383,12,13,18,7,7,8,15,6,12,18,7,15,17,4,12,18,11,15,254.5632936,2.407498477,3.407498477
"645",180387,15,8,10,3,7,16,11,6,15,10,7,11,10,6,15,10,11,11,1193.206114,3.07707929,4.07707929
"646",180389,16,8,18,7,7,8,9,6,16,18,7,9,18,6,16,18,11,9,295.2345584,2.471635721,3.471635721
"647",180400,3,4,6,0.56474668,7,5,4,16,3,6,7,4,8,0.544246686,0.544,13,11,19,71.01686319,1.857434201,2.857434201
"648",181020,4,8,8,20,7,7,5,20,4,8,7,5,8,19,18,10,11,16,227.8675483,2.359584217,3.359584217
"649",181022,5,12,4,6,20,14,14,9,5,4,20,14,3,9,15,20,20,14,126.0623217,2.104016787,3.104016787
"650",181069,7,18,5,4,7,6,19,9,7,5,7,19,4,4,10,18,11,19,751.1367345,2.8762968,3.8762968
"651",181070,14,14,18,7,7,8,7,6,14,18,7,7,19,8,14,18,11,12,660.2299605,2.820352523,3.820352523
"652",181071,13,11,5,19,7,7,15,8,13,5,7,15,5,6,13,16,11,15,243.3139279,2.387948226,3.387948226
"653",181751,15,11,18,7,7,8,10,12,15,18,7,10,17,6,15,18,11,10,300.6604516,2.479518377,3.479518377
"654",181754,5,7,3,7,7,8,14,6,5,3,7,14,3,9,16,20,11,14,410.8127671,2.614699807,3.614699807
"655",181765,7,7,7,20,7,7,13,7,7,7,7,13,7,6,11,10,11,13,507.2912905,2.706112668,3.706112668
"656",182383,3,13,5,13,16,8,5,6,3,5,16,5,6,20,0.5962,18,16,18,147.5336466,2.171824843,3.171824843
"657",182385,6,20,4,2,7,20,17,15,6,4,7,17,3,6,13,19,11,17,225.813331,2.355668577,3.355668577
"658",182413,1,3,4,8,7,9,4,13,1,4,7,4,5,0.687314552,0.9255,19,11,20,0.733319083,17,1.238878518
"659",182448,14,13,20,6,7,3,13,7,14,20,7,13,20,4,14,20,11,13,444.3290209,2.648680998,3.648680998
"660",183138,7,7,8,9,7,20,8,7,7,8,7,8,8,10,10,10,11,10,563.2647562,2.751482925,3.751482925
"661",183747,5,14,3,6,15,8,17,8,5,3,15,17,2,7,17,0.6016477,15,17,288.8561417,2.462182507,3.462182507
"662",183764,4,5,10,11,7,0.557187108,5,19,4,10,7,5,12,19,20,10,11,18,143.235587,2.159072426,3.159072426
"663",183788,3,6,10,8,7,19,4,13,3,10,7,4,14,20,0.5391,10,11,20,287.1199767,2.459573371,3.459573371
"664",184413,4,9,4,20,16,7,8,5,4,4,16,8,4,14,20,19,16,10,160.8874279,2.209213123,3.209213123
"665",184431,8,20,5,5,7,20,16,9,8,5,7,16,5,5,9,16,11,16,529.6696075,2.724824215,3.724824215
"666",184452,2,5,5,8,7,9,2,4,2,5,7,2,11,1.007391691,0.795,16,11,0.7509422,1.628920475,20,1.419777449
"667",184471,5,4,5,20,7,8,9,7,5,5,7,9,5,11,16,18,11,9,372.2360675,2.571983605,3.571983605
"668",184478,4,7,7,2,7,7,11,5,4,7,7,11,7,6,18,11,11,11,399.2825498,2.602366658,3.602366658
"669",185767,5,9,4,8,0.898924778,15,7,3,5,4,0.898925,7,4,16,17,19,0.898925,11,555.828189,2.745721213,3.745721213
"670",185796,4,7,5,18,7,14,9,14,4,5,7,9,5,12,18,16,11,9,243.191645,2.387730801,3.387730801
"671",186449,5,8,13,10,7,20,7,4,5,13,7,7,15,8,15,13,11,10,606.1502287,2.783296163,3.783296163
"672",186474,4,16,3,5,7,8,4,18,4,3,7,4,4,0.629890748,19,20,11,18,172.3477102,2.238918109,3.238918109
"673",187160,-0.279792874,6,5,19,7,6,7,8,4,5,7,7,5,15,18,17,11,11,179.1800125,2.255706613,3.255706613
"674",187171,3,14,5,17,7,16,7,3,3,5,7,7,6,13,0.5674,16,11,11,11.15585413,1.08478548,2.08478548
"675",187227,5,4,3,4,12,12,9,4,-0.17,3,12,9,3,15,15,20,12,9,63.2194086,1.807666302,2.807666302
"676",189226,4,7,8,19,7,11,10,6,4,8,7,10,8,8,20,9,11,10,3.420188758,0.645440816,1.645440816
"677",189885,10,19,18,7,7,8,7,4,10,18,7,7,19,8,10,18,11,12,604.3377423,2.781997753,3.781997753
"678",189887,11,17,6,18,7,14,9,14,11,6,7,9,5,11,11,15,11,9,400.684305,2.603884863,3.603884863
"679",190571,9,18,11,7,7,4,5,20,9,11,7,5,12,19,9,11,11,17,395.1119189,2.59781791,3.59781791
"680",190591,2,10,8,20,7,4,4,16,2,8,7,4,10,20,0.7358,9,11,19,1.572997769,20,1.41043941
"681",192624,2,12,3,4,7,11,8,5,2,3,7,8,3,16,0.639,20,11,9,1.278805996,19,1.357707354
"682",193322,3,6,3,4,14,16,4,17,3,3,14,4,3,0.678385273,0.5997,0.5535768,14,19,89.88009979,1.958468795,2.958468795
"683",195369,7,5,5,19,7,9,8,12,7,5,7,8,4,14,11,18,11,9,381.9042374,2.583090172,3.583090172
"684",195380,3,14,5,11,7,0.820937331,4,18,3,5,7,4,5,0.538323926,0.5561,17,11,18,28.1060358,1.463983059,2.463983059
"685",195383,17,5,18,7,7,8,13,10,17,18,7,13,17,5,17,18,11,13,325.2619997,2.513566494,3.513566494
"686",196718,4,7,6,20,7,9,10,5,4,6,7,10,6,8,19,13,11,10,354.0827595,2.550329586,3.550329586
"687",200127,1,4,3,3,7,0.814341373,3,9,1,3,7,3,4,0.826841487,0.9573,20,11,20,18.11991348,1.281485923,2.281485923
"688",200204,3,14,18,7,7,8,2,4,3,18,7,2,0.580001455,0.792788704,0.5748,18,11,0.7509422,20,15,1.17265364
"689",204969,2,7,4,4,7,20,3,1,2,4,7,3,6,0.681997412,0.7037,20,11,20,1.866356765,20,1.457330244
"690",207605,1,4,4,19,7,6,4,13,1,4,7,4,5,0.654808904,1.016,18,11,20,9,9,1
"691",210365,4,11,3,4,7,14,5,19,4,3,7,5,3,0.641121028,20,0.606378,11,18,5.937378998,0.841195421,1.841195421
"692",210375,1,3,6,7,7,0.645267276,4,11,1,6,7,4,8,0.659403005,1.082,15,11,20,13,10,1.05181836
"693",211114,-0.096787595,14,7,4,7,13,14,8,6,7,7,14,6,6,12,11,11,14,344.9723749,2.539041423,3.539041423
"694",211798,8,20,8,8,7,19,11,5,8,8,7,11,8,6,9,9,11,11,322.4568376,2.509816336,3.509816336
"695",212375,6,12,4,5,7,11,10,6,6,4,7,10,4,12,14,20,11,10,312.3837669,2.496076497,3.496076497
"696",213119,4,6,15,18,7,4,8,5,4,15,7,8,16,8,19,15,11,10,2.99188991,0.601178556,1.601178556
"697",213845,17,6,18,7,7,8,7,5,17,18,7,7,19,7,17,18,11,11,653.9930718,2.816236706,3.816236706
"698",213846,8,18,5,2,19,19,13,6,8,5,19,13,5,7,9,16,19,13,263.7862049,2.422895355,3.422895355
"699",224080,1,4,6,4,7,0.585335023,3,2,1,6,7,3,14,0.611355658,0.947,12,11,20,4.910430924,0.771619146,1.771619146
