id_1,id_2,y2000,y2001,y2002,y2003,y2004,y2005,y2006,y2007,y2008,y2009,y2010,y2011,y2012,y2013
0,199,0,0,2,1,1,0,1,1,1,1,1,1,0,0
0,200,0,1,1,1,0,1,1,1,1,1,1,1,0,0
0,201,0,0,2,1,0,1,1,1,1,1,1,1,0,0
0,202,0,0,2,1,0,1,1,1,1,1,1,1,0,0
0,139,0,0,2,1,0,1,1,1,0,1,1,1,1,0
0,223,0,0,2,1,0,1,1,1,0,1,1,1,0,0
1,2,0,0,2,0,0,0,0,0,0,0,0,0,0,0
1,9,0,0,2,1,0,0,0,0,0,0,0,0,0,0
1,10,0,0,2,1,0,0,0,0,0,0,0,0,0,0
1,396,0,0,1,0,0,0,0,1,0,0,0,0,1,1
1,398,0,0,1,0,0,0,0,0,0,0,0,0,0,1
1,81,0,0,2,1,0,1,1,1,1,0,0,0,0,0
1,24,0,0,1,0,0,1,0,0,0,0,0,0,0,0
2,99,0,0,1,0,1,1,1,0,1,0,1,0,0,0
2,81,0,0,2,1,0,1,1,1,1,0,0,0,0,0
2,24,0,0,1,0,0,1,0,0,0,0,0,0,0,0
2,414,0,1,1,0,0,0,0,0,0,0,0,0,0,0
3,256,0,0,2,0,0,0,0,0,1,0,0,1,0,0
3,4,0,0,2,0,0,0,0,0,0,0,0,0,0,0
3,15,0,0,1,0,1,0,0,0,0,0,0,0,0,0
3,146,0,0,1,0,0,0,0,0,0,0,0,0,1,0
3,255,0,0,2,0,1,0,0,0,0,0,0,1,0,0
4,256,0,0,2,0,0,0,0,0,1,0,0,1,0,0
4,258,0,0,2,0,0,0,0,0,1,1,0,1,0,0
4,259,0,1,2,1,0,0,0,0,1,1,0,1,0,0
4,368,0,0,2,0,0,0,0,0,0,0,0,0,0,0
4,255,0,0,2,0,1,0,0,0,0,0,0,1,0,0
5,371,0,0,2,0,0,0,0,0,0,0,0,0,0,0
5,6,0,0,2,0,0,0,0,0,0,0,0,0,0,0
5,95,0,0,2,0,0,0,0,0,0,0,1,0,0,0
6,365,0,0,2,0,0,0,0,0,0,0,0,0,0,0
6,369,0,0,2,0,0,0,0,0,0,0,0,0,0,0
6,371,0,0,2,0,0,0,0,0,0,0,0,0,0,0
6,157,0,0,2,1,1,1,1,1,1,1,1,1,1,0
6,95,0,0,2,0,0,0,0,0,0,0,1,0,0,0
7,96,0,0,2,0,0,0,1,1,1,0,1,0,0,0
7,366,0,0,2,0,0,0,0,0,0,0,0,0,0,0
7,367,0,0,2,0,0,0,0,0,0,0,0,0,0,0
7,370,0,0,2,0,0,0,0,0,0,0,0,0,0,0
7,57,0,0,1,0,0,0,0,1,0,0,0,0,0,0
7,95,0,0,2,0,0,0,0,0,0,0,1,0,0,0
8,96,0,0,2,0,0,0,1,1,1,0,1,0,0,0
8,366,0,0,2,0,0,0,0,0,0,0,0,0,0,0
8,336,0,0,1,0,1,0,0,1,0,0,0,0,0,0
8,403,0,0,2,0,1,1,1,1,1,1,0,0,0,1
8,405,0,0,2,1,0,1,1,1,1,1,1,1,1,1
8,159,0,0,2,1,0,1,1,1,1,1,1,1,1,0
9,81,0,0,2,2,0,1,1,1,1,0,0,0,0,0
9,10,0,0,2,2,0,0,0,0,0,0,0,0,0,0
10,106,0,0,1,2,0,0,1,1,1,0,1,0,0,0
10,396,0,0,1,1,0,0,0,1,0,0,0,0,1,1
10,268,0,0,1,1,1,0,1,1,1,0,0,1,0,0
10,17,0,0,1,1,1,0,0,0,0,0,0,0,0,0
10,81,0,0,2,2,0,1,1,1,1,0,0,0,0,0
10,375,0,0,2,1,0,0,0,0,0,0,0,0,0,0
10,319,0,0,1,1,0,0,1,1,1,0,0,0,0,0
11,193,0,0,0,2,0,1,1,1,1,1,1,1,0,0
11,195,0,0,0,2,0,1,1,1,1,1,1,1,0,0
11,228,0,0,1,2,0,1,1,1,0,0,1,1,0,0
11,229,0,0,0,2,0,1,1,1,0,1,0,1,0,0
11,341,0,0,1,2,0,0,1,1,0,0,0,0,0,0
11,190,0,0,1,2,0,1,1,1,0,0,0,1,0,0
11,191,0,0,0,2,0,1,1,1,1,0,1,1,0,0
12,64,0,0,1,1,0,0,0,0,1,0,0,0,0,0
12,298,0,0,1,2,0,0,0,0,0,1,0,0,0,0
12,13,0,0,2,2,0,0,0,0,0,0,0,0,0,0
12,241,0,0,2,2,0,0,0,0,0,0,0,1,0,0
12,20,0,0,2,2,1,0,0,0,0,0,0,0,0,0
13,303,0,0,2,1,0,0,0,0,0,1,0,0,0,0
13,241,0,0,2,2,0,0,0,0,0,0,0,1,0,0
13,20,0,0,2,2,1,0,0,0,0,0,0,0,0,0
13,348,0,0,2,2,0,0,0,0,0,0,0,0,0,0
13,351,0,0,2,2,0,0,0,0,0,0,0,0,0,0
14,35,0,0,0,0,1,0,1,0,0,0,0,0,0,0
14,202,0,0,1,1,1,1,1,1,1,1,1,1,0,0
14,138,0,0,1,1,1,0,1,1,0,1,1,1,1,0
14,240,0,0,1,0,2,1,1,1,0,1,0,1,0,0
14,276,0,0,0,0,1,0,0,0,0,1,0,0,0,0
14,183,0,0,0,1,2,1,1,0,0,1,0,1,0,0
14,189,0,0,0,1,1,0,1,0,0,0,0,1,0,0
15,66,0,0,0,0,1,0,0,0,1,0,0,0,0,0
15,74,0,0,0,0,1,0,0,1,1,0,0,0,0,0
15,365,0,0,1,0,1,0,0,0,0,0,0,0,0,0
15,146,0,0,0,0,1,0,0,0,0,0,0,0,1,0
15,373,0,0,1,0,1,0,0,0,0,0,0,0,0,0
15,255,0,0,1,0,2,0,0,0,0,0,0,1,0,0
16,37,0,0,0,0,1,0,1,0,0,0,0,0,0,0
16,230,0,0,0,0,1,1,0,1,0,0,0,1,0,0
16,231,0,0,0,0,1,0,0,0,1,0,0,1,0,0
16,39,0,0,0,0,1,0,1,0,0,0,0,0,0,0
16,210,0,0,0,0,1,0,0,0,0,0,0,1,0,0
16,179,0,0,0,0,1,0,0,1,1,0,0,1,0,0
16,182,0,0,0,0,2,1,1,0,0,1,0,1,0,0
16,216,0,0,0,0,2,0,0,0,0,0,0,1,0,0
17,332,0,0,0,0,1,0,0,1,0,0,0,0,0,0
17,309,0,0,1,0,1,0,1,1,0,1,0,0,0,0
17,375,0,0,1,0,1,0,0,0,0,0,0,0,0,0
17,121,0,0,1,1,2,0,1,1,1,1,1,0,0,0
17,319,0,0,0,0,1,0,1,1,1,0,0,0,0,0
18,320,0,0,0,0,1,0,0,0,1,0,0,0,0,0
18,261,0,0,0,1,2,0,0,1,0,0,0,1,0,0
18,297,0,0,0,0,1,0,0,0,0,1,0,0,0,0
18,149,0,0,0,0,1,0,1,0,0,0,0,0,1,0
18,150,0,0,1,0,2,0,0,1,1,1,0,1,1,0
18,248,0,0,0,0,1,1,0,0,0,0,0,1,0,0
18,380,0,0,0,1,1,1,0,1,0,0,0,0,0,1
19,99,0,0,0,0,2,1,1,0,1,0,1,0,0,0
19,355,0,0,0,1,1,0,0,0,0,0,0,0,0,0
19,36,0,0,1,1,2,0,1,0,0,0,0,0,0,0
19,80,0,0,1,1,2,1,1,1,1,0,0,0,0,0
19,29,0,0,1,1,2,1,0,0,0,0,0,0,0,0
19,414,0,1,0,0,1,0,0,0,0,0,0,0,0,0
20,257,0,0,1,1,1,0,0,0,1,0,0,1,0,0
20,298,0,0,1,2,1,0,0,0,0,1,0,0,0,0
20,303,0,0,2,1,1,0,0,0,0,1,0,0,0,0
20,152,0,1,2,2,1,0,0,0,0,1,0,0,1,0
20,345,0,1,2,2,1,1,1,0,0,0,0,0,0,0
21,354,0,0,0,2,0,1,0,0,0,0,0,0,0,0
21,355,0,0,0,2,0,1,0,0,0,0,0,0,0,0
21,78,0,0,1,2,1,1,0,1,1,0,0,0,0,0
21,79,0,0,1,1,1,1,1,1,1,0,0,0,0,0
21,306,0,0,0,2,0,2,1,1,1,1,0,0,0,0
21,346,0,0,0,1,0,1,1,0,0,0,0,0,0,0
21,29,0,0,1,2,1,2,0,0,0,0,0,0,0,0
22,161,0,0,0,1,1,2,0,1,1,0,0,0,1,0
22,261,0,0,0,2,1,1,0,1,0,0,0,1,0,0
22,304,0,0,0,1,0,1,0,0,0,1,0,0,0,0
22,404,0,0,1,1,1,2,0,1,1,1,0,1,1,1
22,407,0,0,1,2,0,1,1,1,1,1,0,1,1,1
22,156,0,0,0,2,1,1,1,0,0,0,0,1,1,0
23,32,0,0,1,1,2,1,0,0,0,0,0,0,0,0
23,72,0,0,0,0,1,1,0,0,1,0,0,0,0,0
23,300,0,0,0,0,1,1,0,0,1,1,0,0,0,0
23,301,0,0,0,0,1,1,0,1,1,1,0,0,0,0
23,410,0,1,1,1,2,1,1,0,0,0,0,0,0,1
23,347,0,1,0,1,2,1,0,0,0,0,0,0,0,0
24,398,0,0,0,0,0,1,0,0,0,0,0,0,0,1
24,336,0,0,0,0,1,1,0,1,0,0,0,0,0,0
24,337,0,0,0,0,1,1,0,1,0,0,0,0,0,0
24,25,0,0,0,0,0,2,0,0,0,0,0,0,0,0
24,414,0,1,0,0,0,1,0,0,0,0,0,0,0,0
24,415,0,1,0,0,0,1,0,0,0,0,0,0,0,0
25,96,0,0,1,0,0,1,1,1,1,0,1,0,0,0
25,336,0,0,0,0,1,1,0,1,0,0,0,0,0,0
25,49,0,0,0,0,0,1,0,1,0,0,0,0,0,0
25,370,0,0,1,0,0,1,0,0,0,0,0,0,0,0
25,415,0,1,0,0,0,1,0,0,0,0,0,0,0,0
26,100,0,0,1,2,1,2,1,0,0,1,1,0,0,0
26,78,0,0,2,2,2,1,0,1,1,0,0,0,0,0
26,80,0,0,2,2,2,2,1,1,1,0,0,0,0,0
26,54,0,0,1,1,1,1,0,1,0,0,0,0,0,0
26,29,0,0,2,2,2,2,0,0,0,0,0,0,0,0
27,37,0,0,0,0,0,1,1,0,0,0,0,0,0,0
27,136,0,0,0,0,1,2,1,1,1,1,1,1,1,0
27,209,0,0,0,0,0,1,0,1,0,0,0,1,0,0
27,210,0,0,0,0,0,1,0,0,0,0,0,1,0,0
27,211,0,0,0,0,0,1,0,0,0,0,0,1,0,0
28,162,0,0,0,0,2,2,0,1,0,0,0,1,1,0
28,397,0,0,0,0,1,1,0,1,0,0,0,0,0,1
28,399,0,0,0,0,2,1,1,1,1,0,0,0,0,1
28,400,0,0,1,0,2,2,1,1,1,0,0,0,1,1
28,401,0,0,0,0,2,2,0,1,1,1,0,1,0,1
28,402,0,0,1,0,2,1,1,0,1,0,0,0,1,1
29,36,0,0,2,2,2,1,1,0,0,0,0,0,0,0
29,78,0,0,2,2,2,1,0,1,1,0,0,0,0,0
29,79,0,0,2,1,2,1,1,1,1,0,0,0,0,0
29,80,0,0,2,2,2,2,1,1,1,0,0,0,0,0
30,330,0,0,0,0,0,1,1,1,0,0,0,0,0,0
30,211,0,0,0,0,0,1,0,0,0,0,0,1,0,0
30,212,0,0,0,0,1,1,1,1,1,1,0,1,0,0
30,213,0,0,0,0,0,2,1,1,1,1,0,1,0,0
30,280,0,0,0,0,0,2,1,1,0,1,0,0,0,0
30,126,0,0,0,0,0,1,0,0,1,0,0,1,0,0
31,355,0,0,0,1,0,1,0,0,0,0,0,0,0,0
31,75,0,0,0,0,0,1,0,0,1,0,0,0,0,0
31,47,0,0,0,0,0,2,1,0,0,0,0,0,0,0
31,49,0,0,0,0,0,1,0,1,0,0,0,0,0,0
31,52,0,1,0,1,0,1,1,1,0,0,0,0,0,0
31,53,0,1,0,1,0,1,1,1,0,0,0,0,0,0
31,346,0,0,0,0,0,1,1,0,0,0,0,0,0,0
31,415,0,1,0,0,0,1,0,0,0,0,0,0,0,0
32,72,0,0,1,1,1,0,0,0,1,0,0,0,0,0
32,73,0,0,1,1,1,0,0,0,1,0,0,0,0,0
32,373,0,0,2,1,1,0,0,0,0,0,0,0,0,0
32,410,0,1,2,2,2,0,1,0,0,0,0,0,0,1
32,411,0,1,2,2,2,0,0,0,0,0,0,0,0,1
33,260,0,1,2,2,0,0,1,0,0,0,0,1,0,0
33,363,0,0,2,2,0,0,1,0,0,0,0,0,0,0
33,335,0,0,2,2,0,0,2,1,0,0,0,0,0,0
33,406,0,0,2,2,0,0,2,1,1,1,0,1,1,1
33,407,0,0,2,2,0,0,2,1,1,1,0,1,1,1
33,408,0,0,2,2,0,0,2,0,0,0,0,1,1,1
33,155,0,1,1,2,1,0,2,0,0,1,0,1,1,0
34,165,0,0,0,0,0,0,2,0,0,0,0,0,1,0
34,326,0,0,0,0,0,0,1,0,1,0,0,0,0,0
34,327,0,0,0,0,0,0,2,1,1,0,0,0,0,0
34,270,0,0,0,0,0,0,2,0,1,1,1,0,0,0
34,313,0,0,0,0,0,0,2,1,1,1,0,0,0,0
34,58,0,0,0,0,0,0,1,1,0,0,0,0,0,0
34,123,0,0,0,0,0,0,1,0,0,1,1,0,0,0
35,137,0,0,1,1,0,0,2,1,0,1,1,1,1,0
35,138,0,0,1,1,0,0,2,1,0,1,1,1,1,0
35,177,0,0,0,0,0,0,1,0,0,0,0,1,0,0
35,83,0,0,0,0,0,1,1,0,0,1,0,0,0,0
35,183,0,0,0,1,1,1,2,0,0,1,0,1,0,0
35,63,0,0,1,1,0,0,2,1,1,0,0,0,0,0
36,355,0,0,1,2,1,0,1,0,0,0,0,0,0,0
36,79,0,0,2,1,2,0,2,1,1,0,0,0,0,0
37,130,0,0,0,1,0,1,1,0,1,1,1,1,1,0
37,178,0,0,0,0,0,0,2,0,1,0,0,1,0,0
37,210,0,0,0,0,0,0,1,0,0,0,0,1,0,0
37,211,0,0,0,0,0,0,1,0,0,0,0,1,0,0
37,274,0,0,0,0,0,0,2,1,0,1,0,0,0,0
37,86,0,0,0,0,0,0,1,0,0,0,1,0,0,0
37,179,0,0,0,0,0,0,1,1,1,0,0,1,0,0
37,126,0,0,0,0,0,0,1,0,1,0,0,1,0,0
38,330,0,0,0,0,0,0,2,1,0,0,0,0,0,0
38,333,0,0,0,0,0,0,2,1,0,0,0,0,0,0
38,334,0,0,0,0,0,0,2,1,0,0,0,0,0,0
38,50,0,0,0,0,0,0,1,1,0,0,0,0,0,0
38,61,0,0,0,0,0,1,2,1,0,0,0,0,0,0
39,230,0,0,0,0,0,1,1,1,0,0,0,1,0,0
39,84,0,0,0,0,0,1,2,0,0,1,0,0,0,0
39,85,0,0,0,0,1,1,2,0,0,1,0,0,0,0
39,244,0,0,0,0,1,1,2,1,0,1,0,1,0,0
39,216,0,0,0,0,1,0,1,0,0,0,0,1,0,0
40,296,0,0,0,0,1,1,2,1,1,1,0,0,0,0
40,140,0,0,0,1,1,1,2,1,1,1,1,0,1,0
40,238,0,0,0,0,0,1,1,0,0,1,0,1,0,0
40,239,0,0,1,0,1,1,2,1,1,1,0,1,0,0
40,275,0,0,0,1,1,1,2,0,0,1,0,0,0,0
40,244,0,0,0,0,1,1,2,1,0,1,0,1,0,0
40,85,0,0,0,0,1,1,2,0,0,1,0,0,0,0
40,187,0,0,0,1,1,1,2,0,1,1,0,1,0,0
41,296,0,0,0,0,1,1,2,1,1,1,0,0,0,0
41,42,0,0,0,0,0,0,2,0,0,0,0,0,0,0
41,140,0,0,0,1,1,1,2,1,1,1,1,0,1,0
41,252,0,0,0,0,1,0,2,1,1,1,0,1,0,0
41,94,0,0,0,0,0,0,2,0,0,0,1,0,0,0
42,140,0,0,0,1,1,1,2,1,1,1,1,0,1,0
42,247,0,0,0,0,1,1,1,0,0,0,0,1,0,0
42,249,0,0,0,0,1,0,2,0,0,0,0,1,0,0
42,251,0,0,0,1,1,1,2,1,1,1,0,1,0,0
42,252,0,0,0,0,1,0,2,1,1,1,0,1,0,0
43,64,0,1,0,1,0,0,1,0,1,0,0,0,0,0
43,65,0,2,0,1,0,0,1,0,1,0,0,0,0,0
43,298,0,1,0,2,0,0,1,0,0,1,0,0,0,0
43,141,0,2,1,2,0,1,2,0,0,1,0,1,1,0
43,142,0,2,1,2,0,1,2,1,1,1,0,1,1,0
43,145,0,2,1,2,0,1,2,1,1,1,0,1,1,0
43,345,0,2,1,2,0,1,2,0,0,0,0,0,0,0
44,358,0,1,1,2,1,0,1,0,0,0,0,0,0,0
44,294,0,2,1,2,2,0,2,0,0,1,0,0,0,0
44,360,0,2,1,2,1,0,1,0,0,0,0,0,0,0
44,295,0,1,1,2,1,0,1,0,0,1,0,0,0,0
44,361,0,1,1,2,1,0,1,0,0,0,0,0,0,0
44,342,0,1,1,2,1,0,1,1,0,0,0,0,0,0
45,320,0,0,0,0,0,1,1,0,1,0,0,0,0,0
45,106,0,0,0,1,0,1,2,1,1,0,1,0,0,0
45,316,0,0,0,0,0,1,1,0,1,0,0,0,0,0
45,55,0,0,0,0,0,1,1,1,0,0,0,0,0,0
45,412,1,0,0,0,0,1,1,0,0,0,0,0,0,0
46,323,0,0,0,0,0,0,1,0,1,0,0,0,0,0
46,339,0,0,0,0,0,0,1,1,0,0,0,0,0,0
46,121,0,0,1,1,1,0,2,1,1,1,1,0,0,0
46,314,0,0,0,0,0,0,1,0,0,1,0,0,0,0
46,124,0,0,0,0,0,0,2,1,1,0,1,0,0,0
47,72,0,0,0,0,0,1,1,0,1,0,0,0,0,0
47,75,0,0,0,0,0,1,1,0,1,0,0,0,0,0
47,301,0,0,0,0,0,1,1,1,1,1,0,0,0,0
47,49,0,0,0,0,0,1,1,1,0,0,0,0,0,0
47,57,0,0,0,0,0,1,1,1,0,0,0,0,0,0
47,60,0,0,0,0,0,1,1,1,0,0,0,0,0,0
48,80,0,0,1,1,1,1,1,2,1,0,0,0,0,0
48,113,0,0,0,0,0,0,0,1,1,0,1,0,0,0
48,114,0,0,0,0,0,0,0,1,1,0,1,0,0,0
48,307,0,0,1,1,0,1,1,2,1,1,0,0,0,0
48,308,0,0,0,0,1,0,1,1,0,1,0,0,0,0
48,54,0,0,0,0,0,0,0,2,0,0,0,0,0,0
49,370,0,0,1,0,0,0,0,1,0,0,0,0,0,0
49,57,0,0,0,0,0,0,0,2,0,0,0,0,0,0
49,415,0,1,0,0,0,0,0,1,0,0,0,0,0,0
50,320,0,0,0,0,0,0,0,1,1,0,0,0,0,0
50,164,0,0,0,0,1,0,1,2,0,0,0,0,1,0
50,329,0,0,0,0,0,0,0,2,0,0,0,0,0,0
50,297,0,0,0,0,0,0,0,1,0,1,0,0,0,0
50,333,0,0,0,0,0,0,1,2,0,0,0,0,0,0
50,334,0,0,0,0,0,0,1,2,0,0,0,0,0,0
50,51,0,0,0,0,0,0,1,2,0,0,0,0,0,0
50,218,0,0,0,0,0,0,0,1,0,0,0,1,0,0
50,62,0,0,0,0,0,0,0,2,0,0,0,0,0,0
51,333,0,0,0,0,0,0,2,2,0,0,0,0,0,0
51,213,0,0,0,0,0,1,2,2,1,1,0,1,0,0
51,279,0,0,0,0,0,1,2,2,0,1,0,0,0,0
51,218,0,0,0,0,0,0,1,1,0,0,0,1,0,0
52,355,0,1,0,2,0,0,1,1,0,0,0,0,0,0
52,53,0,2,0,2,0,0,2,2,0,0,0,0,0,0
52,414,0,2,0,1,0,0,1,1,0,0,0,0,0,0
52,415,0,2,0,1,0,0,1,1,0,0,0,0,0,0
53,415,0,2,0,1,0,0,1,1,0,0,0,0,0,0
54,100,0,0,0,1,0,1,1,1,0,1,1,0,0,0
54,80,0,0,1,1,1,1,1,2,1,0,0,0,0,0
54,114,0,0,0,0,0,0,0,1,1,0,1,0,0,0
54,318,0,0,0,1,0,1,1,2,1,0,0,0,0,0
55,320,0,0,0,0,0,0,0,1,1,0,0,0,0,0
55,164,0,0,0,0,1,0,1,2,0,0,0,0,1,0
55,106,0,0,0,1,0,0,1,2,1,0,1,0,0,0
55,332,0,0,0,0,0,0,0,2,0,0,0,0,0,0
55,338,0,0,0,0,1,0,1,2,0,0,0,0,0,0
55,319,0,0,0,0,0,0,1,2,1,0,0,0,0,0
56,314,0,0,0,0,0,0,0,1,0,1,0,0,0,0
56,124,0,0,0,0,0,0,1,2,1,0,1,0,0,0
56,271,0,0,0,0,0,0,0,1,0,0,1,0,0,0
57,72,0,0,0,0,0,0,0,1,1,0,0,0,0,0
57,367,0,0,1,0,0,0,0,1,0,0,0,0,0,0
57,370,0,0,1,0,0,0,0,1,0,0,0,0,0,0
58,322,0,0,0,0,0,0,0,1,1,0,0,0,0,0
58,165,0,0,0,0,0,0,1,1,0,0,0,0,1,0
58,109,0,0,0,0,0,0,1,2,0,1,1,0,0,0
58,273,0,0,0,0,0,0,0,1,0,1,1,0,0,0
58,120,0,0,0,0,0,0,0,1,0,1,1,0,0,0
58,123,0,0,0,0,0,0,0,1,0,1,1,0,0,0
59,386,0,0,0,1,0,1,1,2,1,1,0,0,0,1
59,132,0,0,1,1,1,1,2,2,0,1,1,1,1,0
59,388,0,0,1,1,1,1,2,2,0,1,1,1,1,1
59,274,0,0,0,1,0,0,2,2,0,1,0,0,0,0
59,82,0,0,0,1,0,0,1,1,0,1,0,0,0,0
59,63,0,0,1,2,0,0,2,2,1,0,0,0,0,0
60,97,0,0,0,0,0,0,0,1,0,0,1,0,0,0
60,98,0,0,0,0,0,0,0,2,1,1,1,0,0,0
60,75,0,0,0,0,0,0,0,1,1,0,0,0,0,0
60,301,0,0,0,0,0,0,0,2,1,1,0,0,0,0
60,346,0,0,0,0,0,0,1,1,0,0,0,0,0,0
61,330,0,0,0,0,0,1,2,2,0,0,0,0,0,0
61,333,0,0,0,0,0,1,2,2,0,0,0,0,0,0
61,213,0,0,0,0,0,2,2,2,1,1,0,1,0,0
62,328,0,0,0,0,0,0,0,2,0,0,0,0,0,0
62,329,0,0,0,0,0,0,0,2,0,0,0,0,0,0
62,330,0,0,0,0,0,0,1,2,0,0,0,0,0,0
62,126,0,0,0,0,0,0,0,1,1,0,0,1,0,0
63,386,0,0,1,1,0,1,1,2,2,1,0,0,0,1
63,137,0,0,2,2,0,0,2,2,1,1,1,1,1,0
63,274,0,0,1,1,0,0,2,2,1,1,0,0,0,0
63,83,0,0,1,1,0,1,1,1,1,1,0,0,0,0
63,184,0,0,1,1,1,1,2,1,1,1,0,1,0,0
64,65,0,1,0,0,0,0,0,0,2,0,0,0,0,0
64,298,0,0,0,1,0,0,0,0,1,1,0,0,0,0
64,241,0,0,1,1,0,0,0,0,1,0,0,1,0,0
64,243,0,0,1,1,0,0,0,0,2,1,0,1,0,0
65,142,0,2,1,1,0,1,1,1,2,1,0,1,1,0
65,242,0,2,1,1,0,0,0,0,2,0,0,1,0,0
65,243,0,1,1,1,0,0,0,0,2,1,0,1,0,0
66,146,0,0,0,0,0,0,0,0,1,0,0,0,1,0
66,67,0,0,1,0,0,0,0,0,2,0,0,0,0,0
66,373,0,0,1,0,0,0,0,0,1,0,0,0,0,0
67,69,0,0,2,1,0,0,0,1,2,0,0,0,0,0
67,146,0,0,1,0,0,0,0,0,1,0,0,0,1,0
67,373,0,0,2,0,0,0,0,0,1,0,0,0,0,0
67,91,0,1,2,1,1,0,0,1,2,0,1,0,0,0
67,92,0,0,2,1,0,0,0,1,1,1,1,0,0,0
68,352,0,1,2,2,0,1,1,1,1,0,0,0,0,0
68,294,0,1,2,2,1,1,2,1,1,1,0,0,0,0
68,70,0,0,1,2,1,1,1,1,2,0,0,0,0,0
68,359,0,0,2,2,0,1,1,1,1,0,0,0,0,0
68,360,0,1,2,2,0,1,1,1,1,0,0,0,0,0
68,410,0,1,2,2,1,1,2,1,1,0,0,0,0,1
68,374,0,0,2,1,0,1,1,1,1,0,0,0,0,0
68,90,0,1,2,2,1,1,1,2,2,0,1,0,0,0
68,411,0,1,2,2,1,1,1,1,1,0,0,0,0,1
69,91,0,1,2,2,1,0,0,2,2,0,1,0,0,0
69,92,0,0,2,2,0,0,0,2,1,1,1,0,0,0
70,359,0,0,1,2,1,0,0,0,1,0,0,0,0,0
70,302,0,1,1,2,2,0,1,0,2,1,0,0,0,0
70,376,0,0,1,1,1,0,0,0,1,0,0,0,0,0
70,377,0,0,1,1,1,0,0,0,1,0,0,0,0,0
70,410,0,1,1,2,2,0,1,0,1,0,0,0,0,1
71,147,0,0,1,1,2,1,0,1,1,1,1,1,1,0
71,372,0,0,1,0,1,0,0,1,1,0,0,0,0,0
71,248,0,0,0,0,1,1,0,1,1,0,0,1,0,0
71,250,0,0,0,0,2,0,0,1,1,1,0,1,0,0
71,252,0,0,0,0,2,0,1,2,2,1,0,1,0,0
71,254,0,0,0,0,2,0,0,2,1,0,0,1,0,0
72,73,0,0,0,0,0,0,0,0,2,0,0,0,0,0
72,301,0,0,0,0,0,0,0,1,2,1,0,0,0,0
72,367,0,0,1,0,0,0,0,0,1,0,0,0,0,0
73,74,0,0,0,0,0,0,0,1,2,0,0,0,0,0
73,367,0,0,1,0,0,0,0,0,1,0,0,0,0,0
73,373,0,0,1,0,0,0,0,0,1,0,0,0,0,0
74,365,0,0,1,0,0,0,0,1,1,0,0,0,0,0
74,367,0,0,1,0,0,0,0,1,1,0,0,0,0,0
74,371,0,0,1,0,0,0,0,1,1,0,0,0,0,0
74,373,0,0,1,0,0,0,0,1,1,0,0,0,0,0
75,346,0,0,0,0,0,0,1,0,1,0,0,0,0,0
76,97,0,0,0,0,0,0,0,0,1,0,1,0,0,0
76,357,0,0,0,1,0,0,0,0,1,0,0,0,0,0
76,262,0,0,0,1,0,0,0,0,1,0,0,1,0,0
76,265,0,0,0,0,0,0,0,0,1,0,0,1,0,0
76,266,0,0,0,0,0,0,0,1,2,0,0,1,0,0
76,107,0,0,0,0,0,0,1,1,1,0,1,0,0,0
76,300,0,0,0,0,0,0,0,0,2,1,0,0,0,0
76,77,0,0,0,1,0,0,0,0,2,0,0,0,0,0
76,395,0,0,0,0,0,0,0,0,1,0,0,0,1,1
77,356,0,0,0,2,0,0,0,0,1,0,0,0,0,0
77,357,0,0,0,2,0,0,0,0,1,0,0,0,0,0
77,264,0,0,0,2,0,0,0,0,1,0,0,1,0,0
77,266,0,0,0,1,0,0,0,1,2,0,0,1,0,0
77,364,0,0,0,2,0,0,0,0,1,0,0,0,0,0
78,100,0,0,1,2,1,1,1,1,1,1,1,0,0,0
78,101,0,0,2,2,1,1,1,2,2,1,1,0,0,0
78,305,0,0,1,2,1,1,0,2,2,1,0,0,0,0
78,306,0,0,1,2,1,1,1,2,2,1,0,0,0,0
79,355,0,0,1,1,1,0,1,1,1,0,0,0,0,0
80,99,0,0,1,1,2,2,2,1,2,0,1,0,0,0
80,307,0,0,2,2,1,2,2,2,2,1,0,0,0,0
81,99,0,0,1,1,1,2,2,1,2,0,1,0,0,0
81,102,0,0,2,2,1,2,2,2,1,1,1,0,0,0
81,268,0,0,1,1,1,1,2,2,2,0,0,1,0,0
82,132,0,0,1,0,1,1,1,1,0,2,1,1,1,0
82,176,0,0,0,0,1,1,1,1,1,1,1,1,0,0
82,274,0,0,0,0,0,0,1,1,0,2,0,0,0,0
82,86,0,0,0,0,0,0,0,0,0,1,1,0,0,0
83,184,0,0,0,0,1,2,1,0,0,2,0,1,0,0
83,177,0,0,0,0,0,1,0,0,0,1,0,1,0,0
84,230,0,0,0,0,0,2,1,1,0,1,0,1,0,0
84,232,0,0,0,0,0,2,1,1,1,2,0,1,0,0
84,244,0,0,0,0,1,2,2,1,0,2,0,1,0,0
84,89,0,0,0,0,1,2,2,1,1,2,1,0,0,0
84,287,0,0,0,0,1,2,2,0,0,2,0,0,0,0
85,275,0,0,0,1,2,2,2,0,0,2,0,0,0,0
85,244,0,0,0,0,2,2,2,1,0,2,0,1,0,0
85,216,0,0,0,0,2,1,1,0,0,1,0,1,0,0
86,130,0,0,0,1,0,1,0,0,1,1,2,1,1,0
86,131,0,0,0,1,1,0,0,0,1,1,2,1,1,0
86,389,0,0,1,0,1,1,1,1,1,1,2,1,0,1
86,391,0,0,0,1,1,0,0,0,1,1,2,1,0,1
86,176,0,0,0,0,1,1,1,1,1,0,2,1,0,0
86,274,0,0,0,0,0,0,1,1,0,1,1,0,0,0
87,192,0,0,1,1,0,1,1,2,2,2,2,1,0,0
87,385,0,0,2,1,1,0,1,2,2,2,2,1,0,1
87,386,0,0,1,0,0,1,0,2,2,2,1,0,0,1
87,387,0,0,1,1,1,0,1,2,2,2,2,1,0,1
87,196,0,0,2,1,0,0,1,2,2,2,2,1,0,0
87,133,0,0,2,1,1,1,1,2,2,2,2,1,1,0
87,203,0,0,1,0,1,1,1,1,1,2,2,1,0,0
88,240,0,0,2,1,2,1,1,2,0,2,1,1,0,0
88,189,0,0,1,2,1,0,1,1,0,1,1,1,0,0
88,249,0,0,1,1,2,0,1,1,0,1,1,1,0,0
88,285,0,0,2,1,2,0,1,1,0,2,1,0,0,0
88,286,0,0,1,1,1,0,0,1,0,2,1,0,0,0
89,292,0,0,0,0,2,2,2,2,2,2,1,0,0,0
89,393,0,0,0,0,1,2,2,2,2,2,1,0,0,1
89,207,0,0,0,0,2,2,2,2,2,2,1,1,0,0
89,244,0,0,0,0,2,2,2,2,1,2,1,1,0,0
89,245,0,0,0,0,1,2,1,2,2,2,1,1,0,0
89,287,0,0,0,0,2,2,2,1,1,2,1,0,0,0
90,352,0,2,2,2,1,0,0,1,1,0,1,0,0,0
90,91,0,2,2,2,2,0,0,2,2,0,2,0,0,0
90,411,0,2,2,2,2,0,0,1,1,0,1,0,0,1
91,352,0,2,2,2,1,0,0,1,1,0,1,0,0,0
91,373,0,1,2,1,1,0,0,1,1,0,1,0,0,0
91,411,0,2,2,2,2,0,0,1,1,0,1,0,0,1
91,92,0,1,2,2,1,0,0,2,1,1,2,0,0,0
92,352,0,1,2,2,0,0,0,1,0,1,1,0,0,0
92,299,0,0,2,2,0,0,0,2,0,2,1,0,0,0
92,146,0,0,1,1,0,0,0,1,0,1,1,0,1,0
92,93,0,0,2,2,0,0,0,2,0,2,2,0,0,0
93,353,0,0,2,2,0,0,0,1,0,1,1,0,0,0
93,299,0,0,2,2,0,0,0,2,0,2,1,0,0,0
93,303,0,0,2,1,0,0,0,1,0,2,1,0,0,0
93,146,0,0,1,1,0,0,0,1,0,1,1,0,1,0
93,342,0,0,2,2,0,0,0,2,0,1,1,0,0,0
94,296,0,0,0,0,1,1,2,1,1,1,1,0,0,0
94,393,0,0,0,0,0,1,2,1,1,1,1,0,0,1
94,149,0,0,0,0,0,0,2,0,0,0,1,0,1,0
94,252,0,0,0,0,1,0,2,1,1,1,1,1,0,0
95,366,0,0,2,0,0,0,0,0,0,0,1,0,0,0
95,367,0,0,2,0,0,0,0,0,0,0,1,0,0,0
95,371,0,0,2,0,0,0,0,0,0,0,1,0,0,0
95,157,0,0,2,1,1,1,1,1,1,1,2,1,1,0
96,366,0,0,2,0,0,0,1,1,1,0,1,0,0,0
96,336,0,0,1,0,1,0,1,2,1,0,1,0,0,0
96,370,0,0,2,0,0,0,1,1,1,0,1,0,0,0
97,98,0,0,0,0,0,0,0,1,1,1,2,0,0,0
97,262,0,0,0,1,0,0,0,0,0,0,1,1,0,0
97,301,0,0,0,0,0,0,0,1,1,1,1,0,0,0
97,300,0,0,0,0,0,0,0,0,1,1,1,0,0,0
98,354,0,0,0,1,0,0,0,1,1,1,1,0,0,0
98,262,0,0,0,1,0,0,0,1,1,1,1,1,0,0
98,263,0,0,0,1,0,0,0,1,1,1,1,1,0,0
98,346,0,0,0,0,0,0,1,1,1,1,1,0,0,0
99,102,0,0,1,1,2,2,2,1,1,1,2,0,0,0
99,307,0,0,1,1,1,2,2,1,2,1,1,0,0,0
99,414,0,1,0,0,1,1,1,0,1,0,1,0,0,0
100,101,0,0,1,2,0,2,2,1,1,2,2,0,0,0
100,318,0,0,0,2,0,2,2,1,1,1,1,0,0,0
101,267,0,0,1,1,0,1,1,2,2,1,1,1,0,0
101,305,0,0,1,2,0,2,1,2,2,2,1,0,0,0
101,318,0,0,1,2,0,2,2,2,2,1,1,0,0,0
102,105,0,0,2,2,2,2,2,2,1,2,2,0,0,0
102,268,0,0,1,1,2,1,2,2,1,1,1,1,0,0
102,307,0,0,2,2,1,2,2,2,1,2,1,0,0,0
102,308,0,0,1,1,2,1,2,1,0,2,1,0,0,0
103,104,0,0,0,0,0,0,0,0,0,0,2,0,0,0
103,107,0,0,0,0,0,0,1,1,0,0,2,0,0,0
103,331,0,0,0,0,0,0,0,1,0,0,1,0,0,0
103,395,0,0,0,0,0,0,0,0,0,0,1,0,1,1
103,269,0,0,0,0,0,0,0,0,0,0,1,1,0,0
104,265,0,0,0,0,0,0,0,0,0,0,1,1,0,0
104,267,0,0,0,0,0,0,0,1,1,0,1,1,0,0
104,331,0,0,0,0,0,0,0,1,0,0,1,0,0,0
104,395,0,0,0,0,0,0,0,0,0,0,1,0,1,1
104,112,0,0,0,0,0,0,0,1,0,0,2,0,0,0
104,318,0,0,0,1,0,1,1,1,1,0,1,0,0,0
105,268,0,0,1,1,2,1,2,2,2,1,1,1,0,0
105,115,0,0,2,1,1,1,2,2,1,2,2,0,0,0
105,308,0,0,1,1,2,1,2,1,1,2,1,0,0,0
105,375,0,0,2,1,1,1,1,1,1,1,1,0,0,0
106,396,0,0,0,1,0,0,1,2,1,0,1,0,1,1
106,412,1,0,0,1,0,0,1,1,1,0,1,0,0,0
106,319,0,0,0,1,0,0,2,2,2,0,1,0,0,0
107,322,0,0,0,0,0,0,1,1,1,0,1,0,0,0
107,395,0,0,0,0,0,0,1,1,0,0,1,0,1,1
107,108,0,0,0,0,0,0,2,2,0,1,2,0,0,0
107,300,0,0,0,0,0,0,1,1,1,1,1,0,0,0
107,110,0,0,0,0,0,0,2,2,0,0,2,0,0,0
107,269,0,0,0,0,0,0,1,1,0,0,1,1,0,0
107,378,0,0,1,0,0,0,1,1,0,0,1,0,0,0
108,322,0,0,0,0,0,0,1,1,1,1,1,0,0,0
108,394,0,0,0,0,0,0,2,2,0,2,2,0,0,1
108,109,0,0,0,0,0,0,2,2,0,2,2,0,0,0
108,110,0,0,0,0,0,0,2,2,0,1,2,0,0,0
109,322,0,0,0,0,0,0,1,1,1,1,1,0,0,0
109,394,0,0,0,0,0,0,2,2,0,2,2,0,0,1
109,120,0,0,0,0,0,0,1,1,0,2,2,0,0,0
110,394,0,0,0,0,0,0,2,2,0,1,2,0,0,1
110,269,0,0,0,0,0,0,1,1,0,0,1,1,0,0
110,111,0,0,0,0,0,0,2,2,0,0,2,0,0,0
111,321,0,0,0,0,0,0,1,1,1,0,1,0,0,0
111,394,0,0,0,0,0,0,2,2,0,1,2,0,0,1
111,269,0,0,0,0,0,0,1,1,0,0,1,1,0,0
111,116,0,0,0,0,0,0,1,2,0,0,2,0,0,0
112,321,0,0,0,0,0,0,0,1,1,0,1,0,0,0
112,331,0,0,0,0,0,0,0,2,0,0,1,0,0,0
112,114,0,0,0,0,0,0,0,1,1,0,2,0,0,0
112,116,0,0,0,0,0,0,0,2,0,0,2,0,0,0
112,318,0,0,0,1,0,1,1,2,1,0,1,0,0,0
113,114,0,0,0,0,0,0,0,0,2,0,2,0,0,0
113,308,0,0,0,0,1,0,1,0,1,1,1,0,0,0
113,117,0,0,1,0,0,0,1,1,2,0,2,0,0,0
113,310,0,0,0,0,0,0,0,0,1,1,1,0,0,0
113,312,0,0,0,0,0,0,0,0,1,1,1,0,0,0
114,321,0,0,0,0,0,0,0,0,2,0,1,0,0,0
114,312,0,0,0,0,0,0,0,0,1,1,1,0,0,0
114,318,0,0,0,1,0,1,1,1,2,0,1,0,0,0
115,308,0,0,1,0,1,0,2,1,0,2,1,0,0,0
115,309,0,0,2,0,0,0,2,2,0,2,1,0,0,0
115,117,0,0,2,0,0,0,2,2,1,1,2,0,0,0
115,375,0,0,2,0,0,0,1,1,0,1,1,0,0,0
116,321,0,0,0,0,0,0,0,1,1,0,1,0,0,0
116,331,0,0,0,0,0,0,0,2,0,0,1,0,0,0
116,269,0,0,0,0,0,0,0,1,0,0,1,1,0,0
117,308,0,0,1,0,1,0,2,1,1,1,1,0,0,0
117,309,0,0,2,0,0,0,2,2,1,1,1,0,0,0
117,310,0,0,1,0,0,0,1,1,1,1,1,0,0,0
118,120,0,0,0,0,0,0,0,0,1,2,2,0,0,0
118,321,0,0,0,0,0,0,0,0,2,1,1,0,0,0
118,394,0,0,0,0,0,0,1,1,1,2,2,0,0,1
118,311,0,0,0,0,0,0,0,0,1,2,1,0,0,0
119,324,0,0,0,0,0,1,1,0,2,0,1,0,0,0
119,270,0,0,0,0,0,1,1,0,2,1,2,0,0,0
119,310,0,0,0,0,0,1,0,0,1,1,1,0,0,0
119,313,0,0,0,0,0,1,1,1,2,1,1,0,0,0
119,122,0,0,0,0,0,2,0,0,1,1,2,0,0,0
119,413,1,0,0,0,0,1,0,0,1,0,1,0,0,0
120,394,0,0,0,0,0,0,1,1,0,2,2,0,0,1
120,311,0,0,0,0,0,0,0,0,0,2,1,0,0,0
120,123,0,0,0,0,0,0,0,0,0,2,2,0,0,0
121,323,0,0,1,1,1,0,1,1,2,1,1,0,0,0
121,332,0,0,1,1,1,0,1,2,1,1,1,0,0,0
121,339,0,0,1,1,1,0,1,2,1,1,1,0,0,0
121,309,0,0,2,1,1,0,2,2,1,2,1,0,0,0
121,122,0,0,1,1,1,1,1,1,1,2,2,0,0,0
122,323,0,0,0,0,0,1,0,0,1,1,1,0,0,0
122,309,0,0,1,0,0,1,1,1,0,2,1,0,0,0
122,310,0,0,0,0,0,1,0,0,0,2,1,0,0,0
122,413,1,0,0,0,0,1,0,0,0,1,1,0,0,0
123,326,0,0,0,0,0,0,0,0,1,1,1,0,0,0
123,311,0,0,0,0,0,0,0,0,0,2,1,0,0,0
124,271,0,0,0,0,0,0,1,1,1,0,2,0,0,0
124,339,0,0,0,0,0,0,1,2,1,0,1,0,0,0
124,314,0,0,0,0,0,0,1,1,1,1,1,0,0,0
125,130,0,0,0,1,0,1,0,0,1,1,1,2,1,0
125,391,0,0,0,1,1,0,0,0,1,1,1,2,0,1
125,392,0,0,0,0,0,0,0,0,1,0,1,2,0,1
125,173,0,0,0,0,0,0,0,0,0,0,0,2,0,0
125,378,0,0,1,0,0,0,0,0,0,0,0,1,0,0
125,126,0,0,0,0,0,0,0,0,1,0,0,2,0,0
126,130,0,0,0,1,0,1,0,0,2,1,1,2,1,0
126,330,0,0,0,0,0,0,1,1,1,0,0,1,0,0
126,211,0,0,0,0,0,0,0,0,1,0,0,2,0,0
127,128,0,0,0,0,0,2,0,2,2,0,0,2,0,0
127,171,0,0,0,1,1,2,0,2,2,1,1,2,0,0
127,172,0,0,0,0,1,1,0,1,2,1,0,2,0,0
127,167,0,0,0,0,0,1,1,2,2,1,1,2,0,0
128,171,0,0,0,1,1,2,0,2,2,1,1,2,0,0
128,172,0,0,0,0,1,1,0,1,2,1,0,2,0,0
128,205,0,0,0,1,0,1,1,2,2,0,0,2,0,0
128,173,0,0,0,0,0,1,0,1,1,0,0,2,0,0
129,131,0,0,0,2,2,0,1,0,2,2,2,2,1,0
129,172,0,0,0,1,2,0,1,0,2,2,1,2,0,0
129,390,0,0,0,2,2,1,1,1,2,2,2,2,0,1
129,278,0,0,0,1,1,0,1,0,1,2,1,1,0,0
130,391,0,0,0,2,1,1,0,0,2,2,2,2,1,1
131,389,0,0,1,1,2,1,1,1,2,2,2,2,1,1
131,390,0,0,0,2,2,1,0,1,2,2,2,2,1,1
131,391,0,0,0,2,2,0,0,0,2,2,2,2,1,1
131,392,0,0,0,1,1,0,0,0,2,1,2,2,1,1
131,166,0,0,0,1,2,1,1,1,2,2,2,2,1,0
131,278,0,0,0,1,1,0,0,0,1,2,1,1,1,0
132,387,0,0,1,1,2,1,2,2,1,2,2,2,1,1
132,388,0,0,2,0,2,2,2,2,0,2,2,2,2,1
132,170,0,0,2,0,2,2,2,2,1,2,2,2,1,0
132,175,0,0,1,0,1,2,2,2,0,2,2,2,1,0
132,176,0,0,1,0,2,2,2,2,1,1,2,2,1,0
133,387,0,0,1,2,2,1,2,2,2,2,2,2,1,1
133,134,0,0,2,1,2,2,2,1,1,2,2,2,2,0
133,169,0,0,2,1,2,2,2,2,2,2,2,2,1,0
133,203,0,0,1,1,2,2,2,1,1,2,2,2,1,0
133,188,0,0,2,2,1,2,2,2,2,2,2,2,1,0
134,167,0,0,1,0,1,1,2,1,1,2,2,2,1,0
134,169,0,0,2,0,2,2,2,1,1,2,2,2,1,0
134,203,0,0,1,0,2,2,2,0,0,2,2,2,1,0
134,171,0,0,1,1,2,2,1,1,1,2,2,2,1,0
135,192,0,0,0,2,0,2,2,2,2,2,2,2,1,0
135,384,0,0,0,1,0,2,2,2,2,2,2,2,1,1
135,194,0,0,0,2,0,2,2,2,2,2,2,2,1,0
135,171,0,0,0,2,1,2,1,2,2,2,2,2,1,0
135,204,0,0,0,1,0,1,2,1,1,1,1,2,1,0
135,205,0,0,0,2,0,1,2,2,2,1,1,2,1,0
136,219,0,0,0,0,2,2,2,2,2,2,1,2,1,0
136,209,0,0,0,0,1,1,1,2,1,1,1,2,1,0
136,211,0,0,0,0,1,1,1,1,1,1,1,2,1,0
136,212,0,0,0,0,2,1,2,2,2,2,1,2,1,0
136,283,0,0,0,0,2,2,2,2,2,2,1,1,1,0
136,220,0,0,0,0,1,2,2,1,1,2,1,2,1,0
137,385,0,0,2,2,1,0,2,2,1,2,2,2,1,1
137,386,0,0,1,1,0,1,1,2,1,2,1,1,1,1
137,198,0,0,2,2,1,0,2,2,1,2,2,2,1,0
137,138,0,0,2,2,0,0,2,2,0,2,2,2,2,0
138,198,0,0,2,2,1,0,2,2,1,2,2,2,1,0
138,199,0,0,2,2,1,0,2,2,1,2,2,2,1,0
138,202,0,0,2,2,0,1,2,2,1,2,2,2,1,0
139,224,0,0,2,2,0,2,2,2,0,2,2,2,1,0
139,200,0,1,1,2,0,2,2,2,1,2,2,2,1,0
139,242,0,1,2,2,0,1,1,1,1,1,1,2,1,0
139,243,0,0,2,2,0,1,1,1,1,2,1,2,1,0
139,222,0,0,2,2,0,2,2,2,0,2,2,2,1,0
139,223,0,0,2,2,0,2,2,2,0,2,2,2,1,0
140,296,0,0,0,1,2,2,2,2,2,2,1,0,1,0
140,239,0,0,1,1,2,2,2,2,2,2,1,1,1,0
140,247,0,0,0,1,2,2,1,1,1,1,1,1,1,0
141,144,0,2,1,2,0,2,2,1,1,2,0,2,2,0
141,145,0,2,2,2,0,2,2,1,1,2,0,2,2,0
141,148,0,2,2,2,0,2,2,1,1,1,0,2,2,0
141,345,0,2,2,2,0,2,2,0,0,1,0,1,1,0
142,197,0,1,2,2,0,1,2,2,2,2,1,2,1,0
142,200,0,2,1,2,0,2,2,2,2,2,1,2,1,0
142,143,0,2,1,2,0,2,2,2,2,2,0,2,2,0
142,145,0,2,2,2,0,2,2,2,2,2,0,2,2,0
142,242,0,2,2,2,0,1,1,1,2,1,0,2,1,0
142,253,0,1,1,2,1,2,1,1,1,2,0,2,1,0
142,189,0,1,1,2,0,1,2,1,1,1,0,2,1,0
142,382,0,1,2,2,1,2,1,2,2,2,1,2,2,1
143,144,0,2,0,2,0,2,2,2,2,2,0,2,2,0
143,145,0,2,1,2,0,2,2,2,2,2,0,2,2,0
143,372,0,1,1,1,0,1,1,1,1,1,0,1,1,0
143,154,0,1,1,2,0,1,1,1,2,1,0,2,2,0
143,382,0,1,1,2,1,2,1,2,2,2,1,2,2,1
144,145,0,2,1,2,0,2,2,2,2,2,0,2,2,0
144,148,0,2,1,2,0,2,2,2,2,1,0,2,2,0
144,154,0,1,1,2,0,1,1,1,2,1,0,2,2,0
144,381,0,1,1,2,1,1,2,2,2,2,0,2,2,1
146,256,0,0,1,0,0,0,0,0,1,0,0,1,1,0
146,303,0,0,1,0,0,0,0,0,0,1,0,0,1,0
147,372,0,0,2,1,1,1,0,0,0,1,1,1,1,0
147,254,0,0,1,1,2,1,0,1,0,1,1,2,1,0
147,250,0,0,1,1,2,1,0,0,0,2,1,2,1,0
147,253,0,0,1,2,2,2,0,0,0,2,1,2,1,0
147,382,0,0,2,2,2,2,0,1,1,2,2,2,2,1
148,345,0,2,2,2,0,2,2,1,1,0,0,1,1,0
148,155,0,2,1,2,1,1,2,1,1,1,0,2,2,0
148,381,0,1,2,2,1,1,2,2,2,1,0,2,2,1
149,297,0,0,0,0,0,0,1,0,0,1,0,0,1,0
149,393,0,0,0,0,0,1,2,1,1,1,0,0,1,1
149,246,0,0,0,0,0,0,2,0,0,1,0,1,1,0
149,248,0,0,0,0,0,1,1,0,0,0,0,1,1,0
149,252,0,0,0,0,1,0,2,1,1,1,0,1,1,0
150,248,0,0,1,0,1,1,0,1,1,1,0,2,1,0
150,261,0,0,1,1,2,0,0,2,1,1,0,2,1,0
150,151,0,0,2,1,2,0,1,2,2,2,0,2,2,0
151,344,0,0,1,2,2,0,2,1,1,1,0,1,1,0
151,261,0,0,1,2,2,0,1,2,1,1,0,2,1,0
151,372,0,0,2,1,1,0,1,1,1,1,0,1,1,0
151,248,0,0,1,1,1,1,1,1,1,1,0,2,1,0
151,154,0,0,2,2,1,0,1,1,2,1,0,2,2,0
152,257,0,1,1,1,0,0,0,0,1,1,0,1,1,0
152,153,0,2,2,2,0,1,1,1,1,2,0,0,2,0
152,259,0,2,2,2,0,0,0,0,1,2,0,1,1,0
152,260,0,2,2,2,0,0,0,0,0,1,0,1,1,0
152,409,0,2,2,2,0,0,0,0,1,2,0,1,1,1
152,345,0,2,2,2,0,1,1,0,0,1,0,0,1,0
153,345,0,2,2,2,0,2,2,1,1,1,0,0,1,0
153,155,0,2,1,2,1,1,2,1,1,2,0,1,2,0
153,260,0,2,2,2,0,1,1,1,1,1,0,1,1,0
154,372,0,0,2,1,0,0,0,0,1,0,0,1,1,0
154,344,0,0,1,2,1,0,1,0,1,0,0,1,1,0
154,381,0,0,2,2,1,0,1,1,2,1,0,2,2,1
155,260,0,2,1,2,1,0,1,0,0,1,0,2,1,0
155,335,0,1,1,2,1,0,2,1,0,1,0,1,1,0
155,345,0,2,1,2,1,1,2,0,0,1,0,1,1,0
155,381,0,1,1,2,2,0,2,1,1,2,0,2,2,1
156,408,0,0,1,2,1,0,2,0,0,0,0,2,2,1
156,261,0,0,0,2,2,0,1,1,0,0,0,2,1,0
156,407,0,0,1,2,1,0,2,1,1,1,0,2,2,1
156,344,0,0,0,2,2,0,2,0,0,0,0,1,1,0
156,381,0,0,1,2,2,0,2,1,1,1,0,2,2,1
157,159,0,0,2,2,1,2,2,2,2,2,2,2,2,0
157,363,0,0,2,2,1,1,1,1,1,1,1,1,1,0
157,366,0,0,2,1,1,1,1,1,1,1,1,1,1,0
157,368,0,0,2,1,1,1,1,1,1,1,1,1,1,0
157,369,0,0,2,1,1,1,1,1,1,1,1,1,1,0
157,406,0,0,2,2,1,1,2,2,2,2,1,2,2,1
157,158,0,0,2,2,1,2,2,2,2,2,2,2,2,0
158,160,0,0,2,2,0,2,2,1,2,2,1,2,2,0
158,405,0,0,2,2,0,2,2,2,2,2,2,2,2,1
158,406,0,0,2,2,0,1,2,2,2,2,1,2,2,1
158,159,0,0,2,2,0,2,2,2,2,2,2,2,2,0
159,366,0,0,2,1,0,1,1,1,1,1,1,1,1,0
159,405,0,0,2,2,0,2,2,2,2,2,2,2,2,1
160,162,0,0,1,1,1,2,1,1,1,1,0,2,2,0
160,402,0,0,2,1,1,1,2,0,2,1,0,1,2,1
160,403,0,0,2,1,1,2,2,1,2,2,0,1,1,1
160,405,0,0,2,2,0,2,2,1,2,2,1,2,2,1
160,406,0,0,2,2,0,1,2,1,2,2,0,2,2,1
161,162,0,0,0,0,2,2,0,2,1,0,0,1,2,0
161,400,0,0,1,0,2,2,1,2,2,0,0,0,2,1
161,401,0,0,0,0,2,2,0,2,2,1,0,1,1,1
161,304,0,0,0,0,1,1,0,1,1,1,0,0,1,0
161,404,0,0,1,0,2,2,0,2,2,1,0,1,2,1
161,379,0,0,0,1,1,1,0,2,1,0,0,0,2,1
162,401,0,0,0,0,2,2,0,2,1,1,0,2,1,1
162,402,0,0,1,0,2,1,1,1,1,0,0,1,2,1
162,404,0,0,1,0,2,2,0,2,1,1,0,2,2,1
162,406,0,0,1,1,1,1,1,2,1,1,0,2,2,1
163,396,0,0,0,0,0,0,0,1,0,0,0,1,2,1
163,397,0,0,0,0,0,0,0,1,0,0,0,1,1,1
163,399,0,0,0,0,1,0,1,1,1,0,0,1,1,1
163,412,1,0,0,0,0,0,0,0,0,0,0,1,1,0
163,316,0,0,0,0,0,0,0,0,1,0,0,1,1,0
164,320,0,0,0,0,1,0,1,1,1,0,0,0,1,0
164,271,0,0,0,0,1,0,1,1,0,0,1,0,1,0
164,273,0,0,0,0,1,0,1,1,0,1,1,0,1,0
164,339,0,0,0,0,1,0,1,2,0,0,0,0,1,0
164,338,0,0,0,0,2,0,2,2,0,0,0,0,1,0
165,327,0,0,0,0,0,0,2,1,1,0,0,0,1,0
165,272,0,0,0,0,0,0,2,1,0,0,1,0,1,0
165,273,0,0,0,0,0,0,1,0,0,1,1,0,1,0
165,315,0,0,0,0,0,0,2,0,0,1,0,0,1,0
166,168,0,0,1,0,2,2,2,2,2,2,2,2,0,0
166,389,0,0,1,0,2,2,2,2,2,2,2,2,0,1
166,390,0,0,0,1,2,2,1,2,2,2,2,2,0,1
167,168,0,0,1,0,1,1,2,2,2,2,2,2,0,0
167,169,0,0,1,0,1,1,2,2,2,2,2,2,0,0
167,171,0,0,0,1,1,1,1,2,2,2,2,2,0,0
167,172,0,0,0,0,1,0,1,1,2,2,1,2,0,0
168,389,0,0,2,0,2,2,2,2,2,2,2,2,0,1
168,390,0,0,1,1,2,2,1,2,2,2,2,2,0,1
168,169,0,0,2,0,2,2,2,2,2,2,2,2,0,0
168,170,0,0,2,0,2,2,2,2,2,2,2,2,0,0
168,172,0,0,1,0,2,1,1,1,2,2,1,2,0,0
168,188,0,0,2,1,1,2,2,2,2,2,2,2,0,0
169,188,0,0,2,1,1,2,2,2,2,2,2,2,0,0
170,387,0,0,1,1,2,1,2,2,2,2,2,2,0,1
170,389,0,0,2,0,2,2,2,2,2,2,2,2,0,1
170,176,0,0,1,0,2,2,2,2,2,1,2,2,0,0
170,188,0,0,2,1,1,2,2,2,2,2,2,2,0,0
171,192,0,0,0,2,1,2,1,2,2,2,2,2,0,0
171,203,0,0,0,1,2,2,1,1,1,2,2,2,0,0
171,205,0,0,0,2,1,1,1,2,2,1,1,2,0,0
172,390,0,0,0,1,2,1,0,1,2,2,1,2,0,1
172,173,0,0,0,0,1,0,0,0,1,1,0,2,0,0
172,278,0,0,0,0,1,0,0,0,1,2,0,1,0,0
173,392,0,0,0,0,0,0,0,0,1,0,1,2,0,1
173,205,0,0,0,1,0,0,1,1,1,0,0,2,0,0
173,278,0,0,0,0,0,0,0,0,0,1,0,1,0,0
173,378,0,0,1,0,0,0,0,0,0,0,0,1,0,0
174,386,0,0,0,1,1,2,1,2,2,2,1,1,0,1
174,387,0,0,0,2,2,1,2,2,2,2,2,2,0,1
174,388,0,0,1,1,2,2,2,2,1,2,2,2,1,1
174,175,0,0,0,1,1,2,2,2,1,2,2,2,0,0
175,388,0,0,1,0,1,2,2,2,0,2,2,2,1,1
175,387,0,0,0,1,1,1,2,2,1,2,2,2,0,1
176,389,0,0,1,0,2,2,2,2,2,1,2,2,0,1
177,184,0,0,0,0,1,1,1,0,0,1,0,2,0,0
177,183,0,0,0,1,1,1,1,0,0,1,0,2,0,0
178,274,0,0,0,0,0,0,2,1,1,1,0,1,0,0
178,179,0,0,0,0,0,0,1,1,2,0,0,2,0,0
179,274,0,0,0,0,0,0,1,2,1,1,0,1,0,0
179,182,0,0,0,0,1,1,1,1,1,1,0,2,0,0
179,184,0,0,0,0,1,1,1,1,1,1,0,2,0,0
179,185,0,0,0,0,1,1,1,2,2,1,0,2,0,0
179,186,0,0,0,0,1,1,1,2,1,1,1,2,0,0
180,236,0,0,1,2,2,2,1,1,1,2,0,2,0,0
180,237,0,0,1,2,2,2,1,1,1,2,0,2,0,0
180,277,0,0,0,1,1,1,0,0,0,2,0,1,0,0
180,181,0,0,0,2,2,2,0,0,0,2,0,2,0,0
180,215,0,0,0,1,1,2,1,0,0,2,0,2,0,0
180,216,0,0,0,1,2,1,0,0,0,1,0,2,0,0
181,237,0,0,1,2,2,2,1,1,1,2,0,2,0,0
181,275,0,0,0,2,2,2,1,0,0,2,0,1,0,0
181,216,0,0,0,1,2,1,0,0,0,1,0,2,0,0
181,187,0,0,0,2,2,2,1,0,1,2,0,2,0,0
182,277,0,0,0,0,1,1,1,0,0,2,0,1,0,0
182,214,0,0,0,0,1,2,2,1,1,2,0,2,0,0
182,216,0,0,0,0,2,1,1,0,0,1,0,2,0,0
182,185,0,0,0,0,2,2,2,1,1,2,0,2,0,0
183,236,0,0,1,2,2,2,2,1,1,2,0,2,0,0
183,276,0,0,0,1,1,1,1,0,0,2,0,1,0,0
183,214,0,0,0,1,1,2,2,1,1,2,0,2,0,0
183,215,0,0,0,1,1,2,2,0,0,2,0,2,0,0
183,184,0,0,0,1,2,2,2,0,0,2,0,2,0,0
184,274,0,0,0,0,1,1,2,1,0,2,0,1,0,0
184,214,0,0,0,0,1,2,2,1,1,2,0,2,0,0
184,186,0,0,0,0,2,2,2,1,0,2,1,2,0,0
185,186,0,0,0,0,2,2,2,2,1,2,1,2,0,0
185,214,0,0,0,0,1,2,2,2,2,2,0,2,0,0
186,214,0,0,0,0,1,2,2,2,1,2,1,2,0,0
187,237,0,0,1,2,2,2,2,1,2,2,0,2,0,0
187,238,0,0,0,1,1,2,1,0,1,2,0,2,0,0
187,275,0,0,0,2,2,2,2,0,1,2,0,1,0,0
188,387,0,0,1,2,1,1,2,2,2,2,2,2,0,1
189,197,0,0,1,2,0,0,2,1,1,1,1,2,0,0
189,202,0,0,1,2,0,1,2,1,1,1,1,2,0,0
189,240,0,0,1,1,1,1,2,1,0,1,0,2,0,0
189,249,0,0,0,1,1,0,2,0,0,0,0,2,0,0
189,253,0,0,0,2,1,1,1,0,0,1,0,2,0,0
189,383,0,0,1,2,0,0,2,1,1,1,1,2,0,1
190,358,0,0,2,2,0,1,1,1,0,0,0,1,0,0
190,362,0,0,2,2,0,1,1,1,0,0,0,1,0,0
190,341,0,0,2,2,0,1,2,2,0,0,0,1,0,0
190,191,0,0,1,2,0,2,2,2,1,0,1,2,0,0
191,195,0,0,0,2,0,2,2,2,2,1,2,2,0,0
191,362,0,0,1,2,0,1,1,1,1,0,1,1,0,0
191,206,0,0,0,2,0,2,2,2,2,1,2,2,0,0
192,194,0,0,0,2,0,2,2,2,2,2,2,2,0,0
192,196,0,0,1,2,0,1,2,2,2,2,2,2,0,0
192,201,0,0,1,2,0,2,2,2,2,2,2,2,0,0
192,203,0,0,0,1,1,2,2,1,1,2,2,2,0,0
193,384,0,0,0,1,0,2,2,2,2,2,2,2,0,1
193,194,0,0,0,2,0,2,2,2,2,2,2,2,0,0
193,195,0,0,0,2,0,2,2,2,2,2,2,2,0,0
193,229,0,0,0,2,0,2,2,2,1,2,1,2,0,0
193,201,0,0,1,2,0,2,2,2,2,2,2,2,0,0
194,384,0,0,0,1,0,2,2,2,2,2,2,2,0,1
194,201,0,0,1,2,0,2,2,2,2,2,2,2,0,0
195,384,0,0,0,1,0,2,2,2,2,2,2,2,0,1
195,206,0,0,0,2,0,2,2,2,2,2,2,2,0,0
196,385,0,0,2,2,1,0,2,2,2,2,2,2,0,1
196,198,0,0,2,2,1,0,2,2,2,2,2,2,0,0
196,199,0,0,2,2,1,0,2,2,2,2,2,2,0,0
196,201,0,0,2,2,0,1,2,2,2,2,2,2,0,0
197,200,0,1,1,2,0,1,2,2,2,2,2,2,0,0
197,202,0,0,2,2,0,1,2,2,2,2,2,2,0,0
197,383,0,0,2,2,0,0,2,2,2,2,2,2,0,1
198,385,0,0,2,2,2,0,2,2,2,2,2,2,0,1
198,199,0,0,2,2,2,0,2,2,2,2,2,2,0,0
199,201,0,0,2,2,1,1,2,2,2,2,2,2,0,0
199,202,0,0,2,2,1,1,2,2,2,2,2,2,0,0
200,202,0,1,1,2,0,2,2,2,2,2,2,2,0,0
200,242,0,2,1,2,0,1,1,1,2,1,1,2,0,0
201,229,0,0,1,2,0,2,2,2,1,2,1,2,0,0
201,223,0,0,2,2,0,2,2,2,1,2,2,2,0,0
202,383,0,0,2,2,0,1,2,2,2,2,2,2,0,1
204,384,0,0,0,0,0,1,2,1,1,1,1,2,0,1
204,205,0,0,0,1,0,0,2,1,1,0,0,2,0,0
204,206,0,0,0,1,0,1,2,1,1,1,1,2,0,0
205,362,0,0,1,2,0,0,1,1,1,0,0,1,0,0
205,206,0,0,0,2,0,1,2,2,2,1,1,2,0,0
205,374,0,0,1,1,0,0,1,1,1,0,0,1,0,0
205,377,0,0,1,1,0,0,1,1,1,0,0,1,0,0
205,378,0,0,1,1,0,0,1,1,1,0,0,1,0,0
206,384,0,0,0,1,0,2,2,2,2,2,2,2,0,1
206,362,0,0,1,2,0,1,1,1,1,1,1,1,0,0
207,292,0,0,0,0,2,2,2,2,2,2,0,1,0,0
207,293,0,0,0,0,1,1,1,1,1,2,0,1,0,0
207,208,0,0,0,0,2,2,2,2,1,2,0,2,0,0
207,287,0,0,0,0,2,2,2,1,1,2,0,1,0,0
208,293,0,0,0,0,1,1,1,1,0,2,0,1,0,0
208,232,0,0,0,0,1,2,1,2,1,2,0,2,0,0
208,209,0,0,0,0,1,1,1,2,0,1,0,2,0,0
208,210,0,0,0,0,1,1,1,1,0,1,0,2,0,0
208,287,0,0,0,0,2,2,2,1,0,2,0,1,0,0
209,293,0,0,0,0,0,0,0,1,0,1,0,1,0,0
209,219,0,0,0,0,1,1,1,2,1,1,0,2,0,0
209,210,0,0,0,0,0,0,0,1,0,0,0,2,0,0
210,231,0,0,0,0,0,0,0,0,1,0,0,2,0,0
210,232,0,0,0,0,0,1,0,1,1,1,0,2,0,0
211,212,0,0,0,0,1,0,1,1,1,1,0,2,0,0
212,280,0,0,0,0,1,1,2,2,1,2,0,1,0,0
212,283,0,0,0,0,2,1,2,2,2,2,0,1,0,0
213,330,0,0,0,0,0,1,2,2,1,1,0,1,0,0
213,333,0,0,0,0,0,1,2,2,1,1,0,1,0,0
213,279,0,0,0,0,0,2,2,2,1,2,0,1,0,0
213,280,0,0,0,0,0,2,2,2,1,2,0,1,0,0
214,277,0,0,0,0,0,1,1,1,1,2,0,1,0,0
214,215,0,0,0,0,0,2,2,1,1,2,0,2,0,0
215,236,0,0,1,1,1,2,2,1,1,2,0,2,0,0
215,277,0,0,0,0,0,1,1,0,0,2,0,1,0,0
216,275,0,0,0,1,2,1,1,0,0,1,0,1,0,0
216,277,0,0,0,0,1,0,0,0,0,1,0,1,0,0
217,288,0,0,0,0,0,1,0,0,0,1,0,1,0,0
217,282,0,0,0,0,0,0,0,0,0,1,0,1,0,0
217,218,0,0,0,0,0,0,0,0,0,0,0,2,0,0
217,284,0,0,0,0,0,1,1,1,0,1,0,1,0,0
217,221,0,0,0,0,0,1,1,1,0,1,0,2,0,0
218,288,0,0,0,0,0,1,0,0,0,1,0,1,0,0
218,297,0,0,0,0,0,0,0,0,0,1,0,1,0,0
218,279,0,0,0,0,0,1,1,1,0,1,0,1,0,0
218,282,0,0,0,0,0,0,0,0,0,1,0,1,0,0
219,293,0,0,0,0,1,1,1,1,1,2,0,1,0,0
219,284,0,0,0,0,1,2,2,2,1,2,0,1,0,0
219,220,0,0,0,0,1,2,2,1,1,2,0,2,0,0
219,221,0,0,0,0,1,2,2,2,1,2,0,2,0,0
220,282,0,0,0,0,0,1,1,0,0,2,0,1,0,0
220,283,0,0,0,0,1,2,2,1,1,2,0,1,0,0
220,221,0,0,0,0,0,2,2,1,0,2,0,2,0,0
221,284,0,0,0,0,0,2,2,2,0,2,0,1,0,0
221,282,0,0,0,0,0,1,1,1,0,2,0,1,0,0
222,224,0,0,2,2,0,2,2,2,0,2,2,2,0,0
222,229,0,0,1,2,0,2,2,2,0,2,1,2,0,0
222,223,0,0,2,2,0,2,2,2,0,2,2,2,0,0
223,229,0,0,1,2,0,2,2,2,0,2,1,2,0,0
224,225,0,0,2,2,0,2,2,2,0,2,2,2,0,0
224,227,0,0,2,2,0,2,2,2,0,1,2,2,0,0
224,229,0,0,1,2,0,2,2,2,0,2,1,2,0,0
224,243,0,0,2,2,0,1,1,1,1,2,1,2,0,0
225,226,0,0,2,2,0,2,2,2,0,1,2,2,0,0
225,227,0,0,2,2,0,2,2,2,0,1,2,2,0,0
225,241,0,0,2,2,0,1,1,1,0,1,1,2,0,0
225,243,0,0,2,2,0,1,1,1,1,2,1,2,0,0
226,227,0,0,2,2,0,2,2,2,0,0,2,2,0,0
226,228,0,0,2,2,0,2,2,2,0,0,2,2,0,0
226,241,0,0,2,2,0,1,1,1,0,0,1,2,0,0
226,341,0,0,2,2,0,1,2,2,0,0,1,1,0,0
226,349,0,0,2,2,0,1,1,1,0,0,1,1,0,0
227,228,0,0,2,2,0,2,2,2,0,0,2,2,0,0
227,229,0,0,1,2,0,2,2,2,0,1,1,2,0,0
228,229,0,0,1,2,0,2,2,2,0,1,1,2,0,0
228,341,0,0,2,2,0,1,2,2,0,0,1,1,0,0
230,232,0,0,0,0,0,2,0,2,1,1,0,2,0,0
230,231,0,0,0,0,0,1,0,1,1,0,0,2,0,0
231,232,0,0,0,0,0,1,0,1,2,1,0,2,0,0
232,287,0,0,0,0,1,2,1,1,1,2,0,1,0,0
233,235,0,0,1,1,1,1,1,1,1,2,0,2,0,0
233,239,0,0,1,0,1,1,1,1,1,2,0,2,0,0
233,240,0,0,1,0,1,1,1,1,0,2,0,2,0,0
233,276,0,0,0,0,0,0,0,0,0,2,0,1,0,0
233,285,0,0,1,0,1,0,1,0,0,2,0,1,0,0
233,286,0,0,0,0,0,0,0,0,0,2,0,1,0,0
234,237,0,0,2,1,2,2,2,2,2,2,0,2,0,0
234,235,0,0,2,1,2,2,2,2,2,2,0,2,0,0
234,276,0,0,1,0,1,1,1,1,1,2,0,1,0,0
234,236,0,0,2,1,2,2,2,2,2,2,0,2,0,0
235,237,0,0,2,2,2,2,2,2,2,2,0,2,0,0
235,238,0,0,1,1,1,2,1,1,1,2,0,2,0,0
235,239,0,0,2,1,2,2,2,2,2,2,0,2,0,0
235,276,0,0,1,1,1,1,1,1,1,2,0,1,0,0
236,237,0,0,2,2,2,2,2,2,2,2,0,2,0,0
236,276,0,0,1,1,1,1,1,1,1,2,0,1,0,0
237,238,0,0,1,1,1,2,1,1,1,2,0,2,0,0
238,239,0,0,1,0,1,2,1,1,1,2,0,2,0,0
239,247,0,0,1,0,2,2,1,1,1,1,0,2,0,0
239,285,0,0,2,0,2,1,2,1,1,2,0,1,0,0
240,276,0,0,1,0,1,1,1,1,0,2,0,1,0,0
240,286,0,0,1,0,1,1,1,1,0,2,0,1,0,0
241,243,0,0,2,2,0,0,0,0,1,1,0,2,0,0
241,349,0,0,2,2,0,0,0,0,0,0,0,1,0,0
241,351,0,0,2,2,0,0,0,0,0,0,0,1,0,0
242,243,0,1,2,2,0,0,0,0,2,1,0,2,0,0
244,393,0,0,0,0,1,2,2,2,1,2,0,1,0,1
244,296,0,0,0,0,2,2,2,2,1,2,0,1,0,0
245,289,0,0,0,0,0,2,0,2,1,2,0,1,0,0
245,292,0,0,0,0,1,2,1,2,2,2,0,1,0,0
245,393,0,0,0,0,0,2,1,2,2,2,0,1,0,1
245,246,0,0,0,0,0,1,1,1,1,2,0,2,0,0
246,289,0,0,0,0,0,1,1,1,0,2,0,1,0,0
246,393,0,0,0,0,0,1,2,1,1,2,0,1,0,1
246,297,0,0,0,0,0,0,1,0,0,2,0,1,0,0
247,251,0,0,0,1,2,2,1,1,1,1,0,2,0,0
247,285,0,0,1,0,2,1,1,0,0,1,0,1,0,0
248,372,0,0,1,0,0,1,0,0,0,0,0,1,0,0
248,252,0,0,0,0,1,1,1,1,1,1,0,2,0,0
249,253,0,0,0,1,2,1,1,0,0,1,0,2,0,0
249,250,0,0,0,0,2,0,1,0,0,1,0,2,0,0
249,251,0,0,0,1,2,1,2,1,1,1,0,2,0,0
249,252,0,0,0,0,2,0,2,1,1,1,0,2,0,0
249,285,0,0,1,0,2,0,2,0,0,1,0,1,0,0
250,252,0,0,0,0,2,0,1,1,1,2,0,2,0,0
250,253,0,0,0,1,2,1,0,0,0,2,0,2,0,0
250,254,0,0,0,0,2,0,0,1,0,1,0,2,0,0
251,285,0,0,1,1,2,1,2,1,1,2,0,1,0,0
253,382,0,0,1,2,2,2,0,1,1,2,1,2,1,1
255,365,0,0,2,0,1,0,0,0,0,0,0,1,0,0
255,368,0,0,2,0,1,0,0,0,0,0,0,1,0,0
255,369,0,0,2,0,1,0,0,0,0,0,0,1,0,0
256,258,0,0,2,0,0,0,0,0,2,1,0,2,0,0
256,303,0,0,2,0,0,0,0,0,1,1,0,1,0,0
257,258,0,0,1,0,0,0,0,0,2,1,0,2,0,0
257,259,0,1,1,1,0,0,0,0,2,1,0,2,0,0
257,303,0,0,1,0,0,0,0,0,1,1,0,1,0,0
258,259,0,1,2,1,0,0,0,0,2,2,0,2,0,0
258,303,0,0,2,0,0,0,0,0,1,2,0,1,0,0
259,368,0,1,2,1,0,0,0,0,1,1,0,1,0,0
259,409,0,2,2,2,0,0,0,0,2,2,0,2,0,1
260,409,0,2,2,2,0,0,0,0,1,1,0,2,0,1
260,363,0,1,2,2,0,0,0,0,0,0,0,1,0,0
261,304,0,0,0,1,1,0,0,1,0,1,0,1,0,0
261,344,0,0,0,2,2,0,1,1,0,0,0,1,0,0
261,380,0,0,0,2,1,1,0,2,0,0,0,1,0,1
262,357,0,0,0,2,0,0,0,0,0,0,0,1,0,0
262,263,0,0,0,2,0,0,0,0,0,0,0,2,0,0
263,354,0,0,0,2,0,0,0,0,0,0,0,1,0,0
263,356,0,0,0,2,0,0,0,0,0,0,0,1,0,0
263,357,0,0,0,2,0,0,0,0,0,0,0,1,0,0
264,266,0,0,0,1,0,0,0,1,1,0,0,2,0,0
264,267,0,0,0,1,0,0,0,1,1,0,0,2,0,0
264,364,0,0,0,2,0,0,0,0,0,0,0,1,0,0
265,266,0,0,0,0,0,0,0,1,1,0,0,2,0,0
265,267,0,0,0,0,0,0,0,1,1,0,0,2,0,0
265,395,0,0,0,0,0,0,0,0,0,0,0,1,1,1
266,267,0,0,0,0,0,0,0,2,2,0,0,2,0,0
267,364,0,0,0,1,0,0,0,1,1,0,0,1,0,0
267,305,0,0,0,1,0,1,0,2,2,1,0,1,0,0
267,318,0,0,0,1,0,1,1,2,2,0,0,1,0,0
268,375,0,0,1,0,1,0,1,1,1,0,0,1,0,0
269,331,0,0,0,0,0,0,0,1,0,0,0,1,0,0
270,327,0,0,0,0,0,0,2,1,2,1,1,0,0,0
270,271,0,0,0,0,0,0,1,0,1,1,2,0,0,0
270,273,0,0,0,0,0,0,1,0,1,2,2,0,0,0
270,313,0,0,0,0,0,0,2,1,2,2,1,0,0,0
270,314,0,0,0,0,0,0,1,0,1,2,1,0,0,0
270,315,0,0,0,0,0,0,2,0,1,2,1,0,0,0
270,413,1,0,0,0,0,0,1,0,1,1,1,0,0,0
271,273,0,0,0,0,0,0,0,0,0,1,2,0,0,0
271,339,0,0,0,0,0,0,0,1,0,0,1,0,0,0
271,314,0,0,0,0,0,0,0,0,0,1,1,0,0,0
272,315,0,0,0,0,0,0,2,1,0,1,1,0,0,0
272,327,0,0,0,0,0,0,2,2,1,0,1,0,0,0
273,315,0,0,0,0,0,0,1,0,0,2,1,0,0,0
278,392,0,0,0,0,0,0,0,0,1,1,1,1,0,1
279,280,0,0,0,0,0,2,2,2,0,2,0,0,0,0
279,281,0,0,0,0,1,2,2,2,1,2,0,0,0,0
279,282,0,0,0,0,0,1,1,1,0,2,0,0,0,0
280,281,0,0,0,0,1,2,2,2,1,2,0,0,0,0
280,283,0,0,0,0,1,2,2,2,1,2,0,0,0,0
281,282,0,0,0,0,1,1,1,1,1,2,0,0,0,0
281,283,0,0,0,0,2,2,2,2,2,2,0,0,0,0
282,283,0,0,0,0,1,1,1,1,1,2,0,0,0,0
284,288,0,0,0,0,0,2,1,1,0,2,0,0,0,0
284,290,0,0,0,0,0,2,2,2,1,2,0,0,0,0
284,291,0,0,0,0,0,2,2,2,1,2,0,0,0,0
284,293,0,0,0,0,0,1,1,1,0,2,0,0,0,0
285,286,0,0,1,0,1,0,1,0,0,2,0,0,0,0
288,290,0,0,0,0,0,2,1,1,1,2,0,0,0,0
288,297,0,0,0,0,0,1,0,0,0,2,0,0,0,0
289,290,0,0,0,0,0,2,1,2,1,2,0,0,0,0
289,291,0,0,0,0,0,2,1,2,1,2,0,0,0,0
289,292,0,0,0,0,1,2,1,2,1,2,0,0,0,0
289,297,0,0,0,0,0,1,0,1,0,2,0,0,0,0
290,291,0,0,0,0,0,2,2,2,2,2,0,0,0,0
290,297,0,0,0,0,0,1,1,1,1,2,0,0,0,0
291,292,0,0,0,0,1,2,2,2,2,2,0,0,0,0
291,293,0,0,0,0,0,1,1,1,1,2,0,0,0,0
292,293,0,0,0,0,1,1,1,1,1,2,0,0,0,0
294,295,0,1,2,2,1,0,1,0,0,2,0,0,0,0
294,360,0,2,2,2,1,0,1,0,0,1,0,0,0,0
294,374,0,1,2,1,1,0,1,0,0,1,0,0,0,0
295,374,0,0,2,1,0,0,0,0,0,1,0,0,0,0
295,358,0,0,2,2,0,0,0,0,0,1,0,0,0,0
296,393,0,0,0,0,1,2,2,2,2,2,0,0,0,1
297,320,0,0,0,0,0,0,0,0,1,1,0,0,0,0
298,345,0,1,1,2,0,1,1,0,0,1,0,0,0,0
299,352,0,1,2,2,0,0,0,1,0,1,0,0,0,0
299,360,0,1,2,2,0,0,0,1,0,1,0,0,0,0
299,342,0,0,2,2,0,0,0,2,0,1,0,0,0,0
300,301,0,0,0,0,0,0,0,1,2,2,0,0,0,0
300,378,0,0,1,0,0,0,0,0,1,1,0,0,0,0
300,347,0,1,0,1,1,0,0,0,1,1,0,0,0,0
302,410,0,2,2,2,2,0,2,0,1,1,0,0,0,1
302,376,0,1,2,1,1,0,1,0,1,1,0,0,0,0
302,378,0,1,2,1,1,0,1,0,1,1,0,0,0,0
302,347,0,2,1,2,2,0,1,0,1,1,0,0,0,0
303,353,0,0,2,1,0,0,0,0,0,1,0,0,0,0
303,348,0,0,2,1,0,0,0,0,0,1,0,0,0,0
304,379,0,0,0,1,0,0,0,1,0,1,0,0,1,1
304,380,0,0,0,1,0,1,0,1,0,1,0,0,0,1
305,364,0,0,0,2,0,1,0,1,1,1,0,0,0,0
305,306,0,0,0,2,0,2,1,2,2,2,0,0,0,0
306,354,0,0,0,2,0,1,1,1,1,1,0,0,0,0
306,364,0,0,0,2,0,1,1,1,1,1,0,0,0,0
307,308,0,0,1,1,1,1,2,1,1,2,0,0,0,0
309,310,0,0,1,0,0,0,1,1,0,2,0,0,0,0
309,375,0,0,2,0,0,0,1,1,0,1,0,0,0,0
310,324,0,0,0,0,0,0,1,0,1,1,0,0,0,0
310,312,0,0,0,0,0,0,0,0,0,2,0,0,0,0
311,321,0,0,0,0,0,0,0,0,1,1,0,0,0,0
311,325,0,0,0,0,0,0,1,1,1,1,0,0,0,0
311,326,0,0,0,0,0,0,0,0,1,1,0,0,0,0
311,312,0,0,0,0,0,0,0,0,0,2,0,0,0,0
312,321,0,0,0,0,0,0,0,0,1,1,0,0,0,0
312,324,0,0,0,0,0,0,1,0,1,1,0,0,0,0
312,325,0,0,0,0,0,0,1,1,1,1,0,0,0,0
313,324,0,0,0,0,0,0,2,1,2,1,0,0,0,0
313,325,0,0,0,0,0,0,2,2,2,1,0,0,0,0
313,326,0,0,0,0,0,0,1,1,2,1,0,0,0,0
314,323,0,0,0,0,0,0,0,0,1,1,0,0,0,0
314,413,1,0,0,0,0,0,0,0,0,1,0,0,0,0
315,327,0,0,0,0,0,0,2,1,1,1,0,0,0,0
316,320,0,0,0,0,0,0,0,0,2,0,0,0,0,0
316,399,0,0,0,0,1,0,1,1,2,0,0,0,0,1
316,343,0,0,0,1,0,0,0,1,1,0,0,0,0,0
316,412,1,0,0,0,0,0,0,0,1,0,0,0,0,0
316,317,0,0,0,0,0,1,0,0,2,0,0,0,0,0
317,320,0,0,0,0,0,1,0,0,2,0,0,0,0,0
317,340,0,0,0,0,0,1,0,1,1,0,0,0,0,0
317,343,0,0,0,1,0,1,0,1,1,0,0,0,0,0
319,332,0,0,0,0,0,0,1,2,1,0,0,0,0,0
320,340,0,0,0,0,0,0,0,1,1,0,0,0,0,0
320,380,0,0,0,1,0,1,0,1,1,0,0,0,0,1
321,394,0,0,0,0,0,0,1,1,1,1,1,0,0,1
323,413,1,0,0,0,0,0,0,0,1,0,0,0,0,0
324,325,0,0,0,0,0,0,2,1,2,0,0,0,0,0
325,326,0,0,0,0,0,0,1,1,2,0,0,0,0,0
328,329,0,0,0,0,0,0,0,2,0,0,0,0,0,0
328,330,0,0,0,0,0,0,1,2,0,0,0,0,0,0
328,334,0,0,0,0,0,0,1,2,0,0,0,0,0,0
329,334,0,0,0,0,0,0,1,2,0,0,0,0,0,0
330,334,0,0,0,0,0,0,2,2,0,0,0,0,0,0
332,338,0,0,0,0,1,0,1,2,0,0,0,0,0,0
332,339,0,0,0,0,0,0,0,2,0,0,0,0,0,0
335,408,0,0,2,2,0,0,2,1,0,0,0,1,1,1
335,381,0,0,2,2,1,0,2,2,1,1,0,1,1,1
336,337,0,0,0,0,2,0,0,2,0,0,0,0,0,0
336,403,0,0,1,0,2,1,1,2,1,1,0,0,0,1
337,403,0,0,1,0,2,1,1,2,1,1,0,0,0,1
337,398,0,0,0,0,1,0,0,1,0,0,0,0,0,1
338,339,0,0,0,0,1,0,1,2,0,0,0,0,0,0
340,399,0,0,0,0,1,0,1,2,1,0,0,0,0,1
340,400,0,0,1,0,1,1,1,2,1,0,0,0,1,1
340,343,0,0,0,1,0,0,0,2,0,0,0,0,0,0
340,379,0,0,0,1,0,0,0,2,0,0,0,0,1,1
340,380,0,0,0,1,0,1,0,2,0,0,0,0,0,1
341,358,0,0,2,2,0,0,1,1,0,0,0,0,0,0
341,361,0,0,2,2,0,0,1,1,0,0,0,0,0,0
341,349,0,0,2,2,0,0,1,1,0,0,0,0,0,0
342,353,0,0,2,2,0,0,0,1,0,0,0,0,0,0
342,360,0,1,2,2,0,0,0,1,0,0,0,0,0,0
342,361,0,0,2,2,0,0,0,1,0,0,0,0,0,0
343,399,0,0,0,1,1,0,1,2,1,0,0,0,0,1
344,381,0,0,1,2,2,0,2,1,1,1,0,1,1,1
346,355,0,0,0,1,0,0,1,0,0,0,0,0,0,0
346,354,0,0,0,1,0,0,1,0,0,0,0,0,0,0
347,410,0,2,1,2,2,0,1,0,0,0,0,0,0,1
347,378,0,1,1,1,1,0,0,0,0,0,0,0,0,0
348,353,0,0,2,2,0,0,0,0,0,0,0,0,0,0
348,350,0,0,2,2,0,0,0,0,0,0,0,0,0,0
348,351,0,0,2,2,0,0,0,0,0,0,0,0,0,0
349,361,0,0,2,2,0,0,0,0,0,0,0,0,0,0
349,350,0,0,2,2,0,0,0,0,0,0,0,0,0,0
349,351,0,0,2,2,0,0,0,0,0,0,0,0,0,0
350,353,0,0,2,2,0,0,0,0,0,0,0,0,0,0
350,361,0,0,2,2,0,0,0,0,0,0,0,0,0,0
350,351,0,0,2,2,0,0,0,0,0,0,0,0,0,0
352,360,0,2,2,2,0,0,0,0,0,0,0,0,0,0
353,361,0,0,2,2,0,0,0,0,0,0,0,0,0,0
354,356,0,0,0,2,0,0,0,0,0,0,0,0,0,0
354,364,0,0,0,2,0,0,0,0,0,0,0,0,0,0
355,414,0,1,0,1,0,0,0,0,0,0,0,0,0,0
356,357,0,0,0,2,0,0,0,0,0,0,0,0,0,0
356,364,0,0,0,2,0,0,0,0,0,0,0,0,0,0
358,361,0,0,2,2,0,0,0,0,0,0,0,0,0,0
358,362,0,0,2,2,0,0,0,0,0,0,0,0,0,0
358,374,0,0,2,1,0,0,0,0,0,0,0,0,0,0
359,377,0,0,2,1,0,0,0,0,0,0,0,0,0,0
359,374,0,0,2,1,0,0,0,0,0,0,0,0,0,0
362,374,0,0,2,1,0,0,0,0,0,0,0,0,0,0
363,368,0,0,2,1,0,0,0,0,0,0,0,0,0,0
363,406,0,0,2,2,0,0,1,1,1,1,0,1,1,1
363,409,0,1,2,2,0,0,0,0,1,1,0,1,0,1
365,369,0,0,2,0,0,0,0,0,0,0,0,0,0,0
365,371,0,0,2,0,0,0,0,0,0,0,0,0,0,0
367,371,0,0,2,0,0,0,0,0,0,0,0,0,0,0
368,369,0,0,2,0,0,0,0,0,0,0,0,0,0,0
368,409,0,1,2,1,0,0,0,0,1,1,0,1,0,1
372,382,0,0,2,1,1,1,0,1,1,1,1,1,1,1
373,411,0,1,2,1,1,0,0,0,0,0,0,0,0,1
374,377,0,0,2,0,0,0,0,0,0,0,0,0,0,0
376,377,0,0,2,0,0,0,0,0,0,0,0,0,0,0
376,378,0,0,2,0,0,0,0,0,0,0,0,0,0,0
377,378,0,0,2,0,0,0,0,0,0,0,0,0,0,0
379,400,0,0,1,1,1,1,1,2,1,0,0,0,2,2
379,380,0,0,0,2,0,1,0,2,0,0,0,0,1,2
381,408,0,0,2,2,1,0,2,1,1,1,0,2,2,2
385,386,0,0,1,1,1,1,1,2,2,2,1,1,0,2
386,387,0,0,0,1,1,1,1,2,2,2,1,1,0,2
386,388,0,0,1,0,1,2,1,2,1,2,1,1,1,2
391,392,0,0,0,1,1,0,0,0,2,1,2,2,0,2
396,397,0,0,0,0,0,0,0,2,0,0,0,0,1,2
396,398,0,0,0,0,0,0,0,1,0,0,0,0,1,2
396,412,1,0,0,0,0,0,0,1,0,0,0,0,1,1
397,398,0,0,0,0,0,0,0,1,0,0,0,0,0,2
397,399,0,0,0,0,1,0,1,2,1,0,0,0,0,2
397,402,0,0,1,0,1,0,1,1,1,0,0,0,1,2
398,402,0,0,1,0,1,0,1,0,1,0,0,0,1,2
398,403,0,0,1,0,1,1,1,1,1,1,0,0,0,2
399,400,0,0,1,0,2,1,2,2,2,0,0,0,1,2
400,401,0,0,1,0,2,2,1,2,2,1,0,1,1,2
402,403,0,0,2,0,2,1,2,1,2,1,0,0,1,2
403,405,0,0,2,1,1,2,2,2,2,2,1,1,1,2
404,407,0,0,2,1,1,1,1,2,2,2,0,2,2,2
404,406,0,0,2,1,1,1,1,2,2,2,0,2,2,2
406,407,0,0,2,2,0,0,2,2,2,2,0,2,2,2
407,408,0,0,2,2,0,0,2,1,1,1,0,2,2,2
410,411,0,2,2,2,2,0,1,0,0,0,0,0,0,2
414,415,0,2,0,0,0,0,0,0,0,0,0,0,0,0
