CELL_ID,IntakeID,Year,Class,ClassOrder,Infection,InfectionType,x,y,PC_Urban,3_zones,PC_Natural,pdSTD
89500,20084259,2008,Mammalian,Small Carnivores,Canine Distemper Virus,Viral,-81.20998938,42.8124801,-1.016415663,1,0.057170613,0
113432,20111507,2011,Avian,Pigeons and Doves,AMPV-1,Viral,-80.42721416,43.09915284,-0.464411815,1,0.301482316,42.00833649
119654,20090105,2009,Mammalian,Large Carnivores,Sacrpotic Mites,Ecoparasitic,-79.39058352,43.12358219,-0.689406021,1,-0.334346963,14.58677697
120331,20071268,2007,Mammalian,Small Rodents and Moles,Fleas,Ectoparasitic,-79.45254752,43.13578019,-0.710070038,1,0.301482316,3.61624194
125757,20084043,2008,Avian,Pigeons and Doves,Avian Pox,Viral,-79.81353735,43.23232122,0.042115582,2,0.119554807,1346.138609
126436,20084042,2008,Avian,Pigeons and Doves,AMPV-1,Viral,-79.8441892,43.23898735,0.112515979,3,0.168192305,1728.999723
126447,20080314,2008,Avian,Waterfowl and Waders,Lice,Ectoparasitic,-79.70529483,43.23422954,0.028757279,2,0.301482316,0
127112,20110224,2011,Mammalian,Bats,Rabies,Viral,-79.91377889,43.25343681,0.100114291,3,0.301482316,791.7496174
127116,20080926,2008,Mammalian,Small Carnivores,Canine Distemper Virus,Viral,-79.8660661,43.25003808,0.240937226,4,-0.092292281,4630.535969
128479,20075652,2007,Mammalian,Small Carnivores,Canine Distemper Virus,Viral,-79.88513796,43.2679567,-0.040596686,2,-0.444045815,2810.002368
133250,20070775,2007,Avian,Pigeons and Doves,Nosocomial yeast,Bacterial,-79.90598111,43.33200492,-0.217797987,1,-0.21260616,634.7595997
133257,20110147,2011,Mammalian,Small Rodents and Moles,Baylisascaris spp. (aberrant),Nematode,-79.82614558,43.32901237,0.168541284,3,0.301482316,292.7675582
133259,20074192,2007,Avian,Waterfowl and Waders,Strongyles,Nematode,-79.79901917,43.32553,0.178433583,3,-0.289116846,1966.96783
133899,20074035,2007,Mammalian,Small Carnivores,Canine Distemper Virus,Viral,-80.31441835,43.36162551,0.097596818,3,0.301482316,450.0313845
133940,20104354,2010,Avian,Pigeons and Doves,Circovirus,Viral,-79.81728125,43.33822032,0.017139118,2,0.162468941,963.831518
135985,20074482,2007,Mammalian,Small Rodents and Moles,Fleas,Ectoparasitic,-79.82193901,43.36465755,0.079111789,3,-0.248169298,273.6830348
135991,20092953,2009,Mammalian,Small Rodents and Moles,Fleas,Ectoparasitic,-79.74438922,43.36038178,0.061528965,3,-0.361210567,943.1029402
136666,20072087,2007,Mammalian,Small Carnivores,Ticks,Ectoparasitic,-79.83632018,43.37512303,0.132171361,3,-0.307467486,331.805246
136671,20073820,2007,Avian,Pigeons and Doves,Lice,Ectoparasitic,-79.77020777,43.36750214,-0.135671973,2,-0.189117537,458.9698449
137302,20072929,2007,Avian,Pigeons and Doves,Trichonomiasis,Protozoan,-80.39324372,43.4120123,-0.109404858,2,-0.517917586,30.53374297
138039,20075461,2007,Mammalian,Small Carnivores,Canine Distemper Virus,Viral,-79.71568934,43.38941942,0.055973872,3,-0.347962689,277.8692046
138722,20075379,2007,Avian,Waterfowl and Waders,Lice,Ectoparasitic,-79.70809129,43.39380114,-0.105620658,2,-0.544955985,1952.094476
139399,20071441,2007,Mammalian,Small Carnivores,Canine Distemper Virus,Viral,-79.77371949,43.40735581,-0.642994245,1,-0.282125515,79.4766747
140023,20104679,2010,Mammalian,Bats,Rabies,Viral,-80.48612254,43.45136958,0.218774112,4,0.301482316,819.9881605
140086,20102284,2010,Mammalian,Small Carnivores,Canine Distemper Virus,Viral,-79.70622865,43.41078329,0.135514268,3,0.301482316,166.7011053
140766,20102875,2010,Avian,Songbirds,West Nile Virus,Viral,-79.72550616,43.42421625,-0.053745734,2,0.301482316,307.1157682
140767,20071035,2007,Mammalian,Small Rodents and Moles,Fleas,Ectoparasitic,-79.71667753,43.41830404,-0.009750625,2,-0.374458637,157.3611466
140769,20074133,2007,Mammalian,Small Carnivores,Fleas,Ectoparasitic,-79.68952736,43.42494715,0.069801365,3,0.301482316,184.5683248
141444,20075703,2007,Mammalian,Small Carnivores,Canine Distemper Virus,Viral,-79.77748006,43.43459575,-0.516891445,1,0.301482316,345.8765902
141450,20084560,2008,Mammalian,Small Carnivores,Canine Distemper Virus,Viral,-79.7023958,43.43377584,0.031464107,2,-0.093877132,371.3389316
141451,20092843,2009,Avian,Songbirds,Salmonella,Bacterial,-79.68497503,43.4340014,0.128901525,3,-0.133105394,232.0829974
141452,20070110,2007,Mammalian,Bats,Mites,Ecoparasitic,-79.68265841,43.43229414,-0.300813373,1,0.10570193,85.90726914
142129,20073615,2007,Avian,Pigeons and Doves,AMPV-1,Viral,-79.74261902,43.43744326,0.139321397,3,-0.152068155,276.5597976
142130,20121692,2012,Mammalian,Small Carnivores,Canine Distemper Virus,Viral,-79.72352516,43.4428789,0.054763511,3,0.301482316,521.0175531
142131,20081413,2008,Mammalian,Small Rodents and Moles,Fleas,Ectoparasitic,-79.70967906,43.43925251,0.101746292,3,0.021398839,350.7672338
142133,20080327,2008,Mammalian,Bats,Rabies,Viral,-79.69224849,43.44163684,0.177880227,3,-0.337442899,597.7115785
142134,20073750,2007,Mammalian,Small Carnivores,Canine Distemper Virus,Viral,-79.67459027,43.43977158,0.168190695,3,-0.498127067,899.7065448
142814,20074379,2007,Avian,Pigeons and Doves,Trichonomiasis,Protozoan,-79.70431058,43.44937535,0.164457899,3,-0.07496222,1004.220259
142816,20071123,2007,Mammalian,Small Carnivores,Ticks,Ectoparasitic,-79.68332841,43.45000248,0.065802192,3,0.301482316,1276.318206
142817,20075143,2007,Avian,Pigeons and Doves,Trichonomiasis,Protozoan,-79.66646108,43.44735631,0.086637512,3,-0.30373932,873.5188355
143494,20070060,2007,Avian,Pigeons and Doves,Trichonomiasis,Protozoan,-79.73038608,43.46059862,-0.032385872,2,-0.361097933,266.2299869
143498,20104084,2010,Mammalian,Large Carnivores,Sacrpotic Mites,Ecoparasitic,-79.68030319,43.45477522,0.160811428,3,0.301482316,344.6049111
143500,20070151,2007,Avian,Waterfowl and Waders,Lice,Ectoparasitic,-79.65531253,43.45330769,-0.212369771,1,-0.544955985,85.21273924
144156,20092540,2009,Mammalian,Small Carnivores,Canine Distemper Virus,Viral,-79.96750909,43.47695792,-0.483064767,1,0.301482316,26.86184126
144174,20073194,2007,Avian,Songbirds,Strongyles,Nematode,-79.74508035,43.46484118,-0.571308735,1,0.301482316,201.2072721
144177,20090264,2009,Mammalian,Small Carnivores,Canine Distemper Virus,Viral,-79.71158153,43.46657515,0.143073759,3,-0.1494347,344.3020848
144180,20102234,2010,Mammalian,Large Carnivores,Sacrpotic Mites,Ecoparasitic,-79.67285241,43.46427545,0.169168135,3,0.301482316,121.0210249
144836,20120160,2012,Mammalian,Bats,White Nose Syndrome,Fungal,-79.99208532,43.49405888,-0.366830218,1,0.301482316,2.710040721
144837,20120153,2012,Mammalian,Bats,White Nose Syndrome,Fungal,-79.98783394,43.49117039,-0.126377117,2,0.301482316,23.86216487
144841,20075132,2007,Mammalian,Large Rodents,Sacrpotic Mites,Ecoparasitic,-79.93251391,43.48682838,-0.563615663,1,-0.338267074,1.326707966
144863,20070201,2007,Mammalian,Small Rodents and Moles,Squirrel Pox,Viral,-79.66691486,43.47043578,0.058547011,3,0.301482316,233.6774706
145499,20114274,2011,Mammalian,Large Rodents,Sacrpotic Mites,Ecoparasitic,-80.2282367,43.51040743,-0.011578285,2,0.301482316,327.8636211
145542,20075443,2007,Avian,Pigeons and Doves,Trichonomiasis,Protozoan,-79.6942573,43.4815905,0.101991806,3,0.301482316,405.5354081
145548,20093986,2009,Avian,Pigeons and Doves,AMPV-1,Viral,-79.62869037,43.48415931,-0.291748405,1,0.021981322,180.8929326
146227,20070043,2007,Mammalian,Lagomorphs,Fleas,Ectoparasitic,-79.66608813,43.49314026,-0.013238123,2,-0.353948937,568.4441594
146228,20080356,2008,Mammalian,Small Carnivores,Canine Distemper Virus,Viral,-79.65039111,43.48819011,-0.064577203,2,0.301482316,253.2970221
146887,20090138,2009,Avian,Waterfowl and Waders,Lice,Ectoparasitic,-79.92829677,43.51685832,-0.506991304,1,-0.055922962,0
146891,20111533,2011,Mammalian,Small Carnivores,Canine Distemper Virus,Viral,-79.88813533,43.50859553,0.246162841,4,0.301482316,1132.304862
146910,20102856,2010,Avian,Songbirds,West Nile Virus,Viral,-79.64572297,43.49646783,-0.003368765,2,0.301482316,807.3089262
147590,20112098,2011,Mammalian,Large Carnivores,Sacrpotic Mites,Ecoparasitic,-79.66683604,43.5071576,0.125723087,3,0.301482316,58.4889698
147593,20070093,2007,Avian,Pigeons and Doves,Lice,Ectoparasitic,-79.62981576,43.51105039,-0.17886273,1,-0.197727433,1100.406021
148236,20102653,2010,Mammalian,Bats,Rabies,Viral,-80.11869616,43.5394846,-0.887925424,1,0.301482316,0
148251,20073546,2007,Mammalian,Small Carnivores,Canine Distemper Virus,Viral,-79.93246912,43.53041274,-0.639780438,1,-0.282125515,2.396473764
148256,20073126,2007,Avian,Pigeons and Doves,AMPV-1,Viral,-79.86700347,43.52812609,0.0127889,2,-0.276959152,608.0944541
148258,20075681,2007,Mammalian,Lagomorphs,Fleas,Ectoparasitic,-79.83798528,43.52805054,-0.11580042,2,-0.353948937,523.7676713
148271,20075677,2007,Avian,Pigeons and Doves,AMPV-1,Viral,-79.68164736,43.52291212,0.065987485,3,-0.498461048,500.8458822
148274,20074267,2007,Mammalian,Small Rodents and Moles,Fleas,Ectoparasitic,-79.64093651,43.51916409,0.096278612,3,-0.375367659,1440.925315
148276,20072755,2007,Mammalian,Small Carnivores,Coccidia,Protozoan,-79.62306397,43.51726121,0.018446864,2,-0.360014234,648.8956207
148953,20100664,2010,Mammalian,Large Carnivores,Sacrpotic Mites,Ecoparasitic,-79.68091085,43.52936948,0.053419741,3,0.301482316,609.679569
148956,20070232,2007,Mammalian,Large Carnivores,Sacrpotic Mites,Ecoparasitic,-79.6475824,43.52485331,0.270918668,4,-0.126125579,1168.592677
149636,20074887,2007,Mammalian,Small Carnivores,Canine Distemper Virus,Viral,-79.66614588,43.53696184,0.13653357,3,-0.158528528,426.5785933
149640,20113545,2011,Mammalian,Large Carnivores,Sacrpotic Mites,Ecoparasitic,-79.62181435,43.53874247,0.009446646,2,0.301482316,108.4308935
149641,20103139,2010,Mammalian,Small Rodents and Moles,Trichonomiasis,Protozoan,-79.60719029,43.53184053,0.043727644,2,0.301482316,583.2354437
150303,20100738,2010,Mammalian,Large Carnivores,Sacrpotic Mites,Ecoparasitic,-79.85610204,43.55541178,-0.454606364,1,0.301482316,3.207488759
150314,20102313,2010,Mammalian,Small Rodents and Moles,Baylisascaris spp. (aberrant),Nematode,-79.71752592,43.54925826,0.062767953,3,0.301482316,1393.775283
150317,20073022,2007,Avian,Pigeons and Doves,Coccidia,Protozoan,-79.68326504,43.54655094,0.205909458,4,-0.07496222,770.4390992
150319,20083399,2008,Mammalian,Small Rodents and Moles,Fleas,Ectoparasitic,-79.65942003,43.54264247,-0.133226566,2,0.026556849,192.4581145
150324,20102767,2010,Avian,Seabirds and Shorebirds,AMPV-1,Viral,-79.59519469,43.54300897,-0.055766448,2,0.159984998,1074.712936
150995,20080978,2008,Mammalian,Small Rodents and Moles,Fleas,Ectoparasitic,-79.73351227,43.56093231,-0.013703662,2,0.301482316,510.6152517
150997,20075239,2007,Avian,Waterfowl and Waders,Capillaria,Nematode,-79.70541838,43.55805494,0.183918517,3,-0.289116846,225.2182003
150999,20083357,2008,Mammalian,Large Carnivores,Sacrpotic Mites,Ecoparasitic,-79.67572515,43.55315665,0.105150299,3,0.301482316,343.4037327
151001,20074350,2007,Mammalian,Small Rodents and Moles,Fleas,Ectoparasitic,-79.64995074,43.5559322,-0.021504024,2,-0.374458637,959.7521649
151002,20094171,2009,Mammalian,Large Carnivores,Sacrpotic Mites,Ecoparasitic,-79.64411044,43.55653874,-0.0523328,2,0.301482316,1167.1883
151004,20094218,2009,Mammalian,Small Rodents and Moles,Squirrel Pox,Viral,-79.6179865,43.55044895,0.015126252,2,-0.27937672,143.5872232
151005,20113931,2011,Mammalian,Large Carnivores,Sacrpotic Mites,Ecoparasitic,-79.60207587,43.5511414,0.02789077,2,0.301482316,68.18378013
151006,20074883,2007,Mammalian,Small Carnivores,Canine Distemper Virus,Viral,-79.58957295,43.5480075,-0.010413526,2,-0.444045815,4102.7058
151668,20104709,2010,Avian,Pigeons and Doves,AMPV-1,Viral,-79.83454033,43.5747049,-0.470778825,1,-0.27937672,1.627364922
151680,20074457,2007,Mammalian,Small Rodents and Moles,Fleas,Ectoparasitic,-79.69602487,43.56860763,-0.070775796,2,-0.374458637,292.7791992
151686,20070876,2007,Mammalian,Small Rodents and Moles,Fleas,Ectoparasitic,-79.61757741,43.5653163,0.034944218,2,-0.248169298,428.3165506
151688,20110006,2011,Mammalian,Small Rodents and Moles,Baylisascaris spp. (aberrant),Nematode,-79.59064362,43.56177095,0.072579735,3,0.301482316,630.5796248
151689,20072876,2007,Avian,Pigeons and Doves,Coccidia,Protozoan,-79.58177903,43.55531938,0.159981113,3,-0.07496222,1772.737234
152356,20080210,2008,Mammalian,Small Carnivores,Coccidia,Protozoan,-79.75864347,43.57913879,0.177720291,3,-0.088073564,1070.81379
152362,20070287,2007,Avian,Pigeons and Doves,AMPV-1,Viral,-79.68519051,43.57780364,0.027336593,2,-0.498461048,506.3100441
152364,20100149,2010,Mammalian,Small Rodents and Moles,Notoendric mite,Ectoparasitic,-79.66893385,43.56951068,0.172827772,3,0.301482316,604.1808737
152367,20071445,2007,Mammalian,Small Rodents and Moles,Fleas,Ectoparasitic,-79.62559759,43.56721693,0.103339343,3,-0.375367659,1043.369844
152369,20070274,2007,Avian,Pigeons and Doves,AMPV-1,Viral,-79.59855707,43.56722995,0.21851312,4,-0.281935626,3893.755912
152372,20070157,2007,Mammalian,Small Rodents and Moles,Notoendric mite,Ectoparasitic,-79.56627261,43.56982738,-0.100361617,2,-0.374458637,994.106266
153037,20072634,2007,Avian,Pigeons and Doves,Trichonomiasis,Protozoan,-79.77637919,43.58387673,0.232101455,4,-0.07496222,409.2186763
153038,20075445,2007,Mammalian,Small Rodents and Moles,Baylisascaris spp. (aberrant),Nematode,-79.76362404,43.58289784,0.18318781,3,-0.202334284,1342.115544
153040,20070112,2007,Mammalian,Bats,Mites,Ecoparasitic,-79.74239265,43.58576632,0.022012838,2,-0.389685003,561.8484076
153043,20113391,2011,Mammalian,Large Carnivores,Sacrpotic Mites,Ecoparasitic,-79.70048404,43.58497167,0.101508724,3,0.301482316,499.8872834
153048,20102340,2010,Avian,Pigeons and Doves,AMPV-1,Viral,-79.63628654,43.58336288,0.077401907,3,0.301482316,4064.495065
153050,20070570,2007,Mammalian,Small Rodents and Moles,Notoendric mite,Ectoparasitic,-79.61635709,43.58019124,0.080207393,3,-0.248169298,2242.281163
153053,20071197,2007,Mammalian,Small Rodents and Moles,Fleas,Ectoparasitic,-79.58103705,43.58081574,-0.017094867,2,-0.374458637,468.0249549
153724,20071567,2007,Mammalian,Small Rodents and Moles,Fleas,Ectoparasitic,-79.71208981,43.59757809,0.021397254,2,-0.248169298,798.8148659
153728,20084661,2008,Mammalian,Small Carnivores,Canine Distemper Virus,Viral,-79.6690431,43.5923043,0.113829161,3,-0.05233695,562.7398005
153730,20075343,2007,Mammalian,Large Carnivores,Sacrpotic Mites,Ecoparasitic,-79.6441092,43.58905464,0.102728306,3,-0.126125579,8378.029358
153733,20093616,2009,Mammalian,Large Carnivores,Sacrpotic Mites,Ecoparasitic,-79.60659315,43.5888766,0.0746437,3,0.301482316,685.7908706
153734,20070720,2007,Avian,Waterfowl and Waders,Strongyles,Nematode,-79.58595656,43.58518488,0.153431653,3,0.301482316,546.2593087
153737,20074782,2007,Avian,Pigeons and Doves,Lice,Ectoparasitic,-79.55089503,43.58438099,-0.153959948,2,-0.072169193,1865.078168
154414,20100566,2010,Mammalian,Small Rodents and Moles,Fleas,Ectoparasitic,-79.60935475,43.60127704,0.11574392,3,0.301482316,389.4649651
154415,20072612,2007,Avian,Pigeons and Doves,Nosocomial yeast,Bacterial,-79.60496094,43.5981518,0.101785964,3,-0.117417984,1177.673342
154420,20102941,2010,Mammalian,Small Rodents and Moles,Fleas,Ectoparasitic,-79.53872599,43.5933121,0.106775321,3,0.301482316,1454.109292
155061,20071633,2007,Mammalian,Small Rodents and Moles,Fleas,Ectoparasitic,-80.04150014,43.629676,-0.161069017,2,-0.374458637,489.048026
155082,20114277,2011,Avian,Falcons and Hawks,West Nile Virus,Viral,-79.78671239,43.6175227,-0.820641494,1,0.301482316,66.13799046
155085,20104658,2010,Mammalian,Small Carnivores,Canine Distemper Virus,Viral,-79.75209624,43.61017814,0.109633367,3,0.301482316,520.4002228
155090,20090609,2009,Mammalian,Small Rodents and Moles,Fleas,Ectoparasitic,-79.69014411,43.60812529,0.090741007,3,0.301482316,728.2600231
155093,20073180,2007,Avian,Pigeons and Doves,Coccidia,Protozoan,-79.653069,43.60676156,0.043800425,2,-0.605458224,3893.838679
155095,20072574,2007,Avian,Songbirds,Salmonella,Bacterial,-79.61868809,43.60793253,0.179391596,3,0.301482316,468.1840805
155098,20075215,2007,Avian,Songbirds,Hyppoboscid Flies,Fungal,-79.59432158,43.60121909,0.018637683,2,0.301482316,1808.277502
155100,20093330,2009,Mammalian,Small Rodents and Moles,Fleas,Ectoparasitic,-79.55713042,43.60718559,0.206923363,4,0.301482316,335.6416966
155101,20074376,2007,Mammalian,Small Carnivores,Canine Distemper Virus,Viral,-79.54494998,43.60130077,0.131383753,3,-0.167764413,483.9553476
155104,20081035,2008,Mammalian,Small Rodents and Moles,Fleas,Ectoparasitic,-79.5169354,43.59821117,0.117182904,3,0.205991767,3370.438986
155105,20074078,2007,Avian,Pigeons and Doves,Trichonomiasis,Protozoan,-79.50526263,43.60081058,0.108511703,3,-0.07496222,2209.277319
155743,20081854,2008,Mammalian,Small Rodents and Moles,Notoendric mite,Ectoparasitic,-80.04130083,43.63392969,-0.204600962,1,0.026556849,378.1519863
155765,20102081,2010,Mammalian,Large Carnivores,Sacrpotic Mites,Ecoparasitic,-79.77586532,43.62740624,-0.850578817,1,0.301482316,22.78321057
155774,20075562,2007,Avian,Falcons and Hawks,Lice,Ectoparasitic,-79.66672557,43.61698612,0.092830838,3,0.116929886,1447.41845
155777,20080070,2008,Mammalian,Small Rodents and Moles,Notoendric mite,Ectoparasitic,-79.62854718,43.6155379,0.075653122,3,0.021398839,667.3433672
155778,20074127,2007,Mammalian,Small Rodents and Moles,Fleas,Ectoparasitic,-79.61213007,43.61384154,0.159968391,3,0.301482316,646.0312814
155779,20074156,2007,Avian,Pigeons and Doves,Lice,Ectoparasitic,-79.59511963,43.61629088,0.107397959,3,-0.282689816,1471.524624
155780,20084714,2008,Mammalian,Bats,Rabies,Viral,-79.58392775,43.60927789,0.066640152,3,-0.337442899,788.4338435
155782,20093270,2009,Mammalian,Small Carnivores,Canine Distemper Virus,Viral,-79.55628944,43.61433703,0.056482957,3,0.301482316,41.97509809
155783,20101080,2010,Mammalian,Small Rodents and Moles,Fleas,Ectoparasitic,-79.54918707,43.61072165,0.536051297,4,0.301482316,586.106468
155784,20080126,2008,Avian,Songbirds,Salmonella,Bacterial,-79.54149197,43.6148449,0.188925089,3,0.131170246,558.1111907
155787,20123099,2012,Avian,Pigeons and Doves,AMPV-1,Viral,-79.5056455,43.61176959,0.050009484,3,0.301482316,935.2615774
156460,20080116,2008,Avian,Pigeons and Doves,AMPV-1,Viral,-79.60727574,43.62616652,0.132596147,3,0.301482316,771.5641246
156461,20084025,2008,Avian,Songbirds,West Nile Virus,Viral,-79.6023755,43.62254862,0.157864473,3,0.301482316,1818.93714
156464,20110545,2011,Avian,Pigeons and Doves,AMPV-1,Viral,-79.55951004,43.62411714,-0.037302868,2,0.301482316,26.22736265
156466,20114505,2011,Avian,Pigeons and Doves,AMPV-1,Viral,-79.54118766,43.61804705,0.063777763,3,0.301482316,12.35741803
156467,20073973,2007,Avian,Seabirds and Shorebirds,Mites,Ectoparasitic,-79.52450781,43.61592391,0.354470242,4,-0.158339603,638.8027687
156468,20070714,2007,Mammalian,Small Carnivores,Canine Distemper Virus,Viral,-79.5131981,43.6204973,0.388730299,4,-0.161390106,771.7028761
156469,20083428,2008,Mammalian,Small Rodents and Moles,Fleas,Ectoparasitic,-79.50029854,43.62101858,0.311344852,4,0.038581744,2058.227403
157114,20094111,2009,Mammalian,Small Carnivores,Canine Distemper Virus,Viral,-79.94953527,43.64991558,-0.682607826,1,0.301482316,51.00464066
157117,20072572,2007,Mammalian,Small Rodents and Moles,Fleas,Ectoparasitic,-79.91570938,43.65092907,0.023795804,2,-0.248169298,388.2343493
157118,20072894,2007,Mammalian,Small Carnivores,Canine Distemper Virus,Viral,-79.90360998,43.65021562,0.253435099,4,0.129389945,420.4074832
157119,20073595,2007,Mammalian,Small Carnivores,Canine Distemper Virus,Viral,-79.89288058,43.64972112,0.176531254,3,-0.094655184,570.8968474
157126,20070806,2007,Mammalian,Small Carnivores,Canine Distemper Virus,Viral,-79.80154909,43.64664503,-0.489193676,1,0.301482316,56.3887138
157133,20075425,2007,Mammalian,Small Carnivores,Canine Distemper Virus,Viral,-79.7168727,43.63668437,0.074261482,3,-0.294556078,591.6110535
157144,20101769,2010,Avian,Pigeons and Doves,AMPV-1,Viral,-79.57979205,43.62935033,-0.035105714,2,0.161116266,422.8070461
157147,20070305,2007,Avian,Pigeons and Doves,Nosocomial yeast,Bacterial,-79.54467126,43.63215006,0.065793049,3,-0.598451887,230.5751802
157151,20073512,2007,Avian,Pigeons and Doves,AMPV-1,Viral,-79.50258621,43.62632443,0.270339347,4,-0.379378044,467.0816876
157152,20075696,2007,Avian,Waterfowl and Waders,Capillaria,Nematode,-79.48151812,43.62263949,0.134876812,3,0.301482316,1019.025193
157799,20113775,2011,Avian,Owls,West Nile Virus,Viral,-79.91846011,43.65560192,-0.019200035,2,0.301482316,460.3475282
157812,20093471,2009,Mammalian,Large Carnivores,Sacrpotic Mites,Ecoparasitic,-79.75446471,43.64691681,-0.075620635,2,0.301482316,961.464421
157827,20075324,2007,Avian,Songbirds,Avian Pox,Viral,-79.57243904,43.64336878,0.137516978,3,-0.544955985,471.3994601
157828,20074243,2007,Mammalian,Small Rodents and Moles,Fleas,Ectoparasitic,-79.55667132,43.63688191,0.389995501,4,0.028693513,1863.505264
157830,20075439,2007,Mammalian,Small Carnivores,Canine Distemper Virus,Viral,-79.53536496,43.64180387,0.165890936,3,0.301482316,1182.925957
157835,20084724,2008,Mammalian,Small Carnivores,Canine Distemper Virus,Viral,-79.47438959,43.63441057,0.201772495,3,-0.289197577,3064.463729
157836,20092945,2009,Mammalian,Large Carnivores,Sacrpotic Mites,Ecoparasitic,-79.46636576,43.63774734,-0.256439645,1,0.301482316,31.63912982
157838,20071403,2007,Avian,Pigeons and Doves,Trichonomiasis,Protozoan,-79.43598306,43.6371733,0.152686009,3,-0.07496222,7871.811962
157839,20074323,2007,Mammalian,Small Rodents and Moles,Fleas,Ectoparasitic,-79.42524905,43.63355471,0.011848727,2,-0.374458637,5208.167291
158505,20121391,2012,Avian,Pigeons and Doves,AMPV-1,Viral,-79.61515546,43.65214848,-0.014277883,2,0.301482316,0.612462387
158506,20081249,2008,Mammalian,Small Carnivores,Fleas,Ectoparasitic,-79.60707264,43.64783919,-0.08351655,2,0.111611027,37.90318125
158508,20073313,2007,Avian,Songbirds,Mites,Ectoparasitic,-79.57940982,43.65140452,0.014894675,2,0.301482316,534.5371843
158509,20070750,2007,Avian,Pigeons and Doves,Nosocomial yeast,Bacterial,-79.57245623,43.65298035,0.344817044,4,-0.029033274,2637.273976
158510,20070100,2007,Avian,Pigeons and Doves,AMPV-1,Viral,-79.55992876,43.6463567,0.367835665,4,-0.158339603,812.1410786
158511,20094322,2009,Mammalian,Small Rodents and Moles,Notoendric mite,Ectoparasitic,-79.54944362,43.64879369,0.097414236,3,0.301482316,239.6668011
158512,20070167,2007,Avian,Pigeons and Doves,Nosocomial yeast,Bacterial,-79.53434519,43.64269583,0.155419369,3,-0.444965128,4952.472975
158513,20075261,2007,Avian,Falcons and Hawks,Lice,Ectoparasitic,-79.52345566,43.64459498,0.147277661,3,-0.204482134,3926.045539
158514,20075538,2007,Avian,Pigeons and Doves,AMPV-1,Viral,-79.51131426,43.64729083,0.210475538,4,-0.281935626,371.2387867
158516,20073298,2007,Mammalian,Small Carnivores,Ticks,Ectoparasitic,-79.47950312,43.64166901,0.045330882,2,0.301482316,674.7404871
158518,20072513,2007,Avian,Pigeons and Doves,Nosocomial yeast,Bacterial,-79.46319672,43.6461384,-0.003185063,2,-0.253042813,1323.239189
158519,20075406,2007,Avian,Falcons and Hawks,Lice,Ectoparasitic,-79.4535122,43.6383701,0.338680394,4,-0.214960434,2637.701972
158520,20073989,2007,Avian,Pigeons and Doves,Nosocomial yeast,Bacterial,-79.43542547,43.64085043,0.225475766,4,-0.315064921,3886.038678
158521,20074901,2007,Avian,Pigeons and Doves,Nosocomial yeast,Bacterial,-79.42049798,43.63829741,0.190836441,3,-0.444965128,4692.630846
158522,20070278,2007,Avian,Pigeons and Doves,Nosocomial yeast,Bacterial,-79.41501405,43.64141576,0.248609889,4,-0.122387207,7269.187663
158523,20073754,2007,Avian,Pigeons and Doves,Nosocomial yeast,Bacterial,-79.40265167,43.64390765,0.334416358,4,-0.439801907,10754.35104
158524,20075501,2007,Avian,Pigeons and Doves,Capillaria,Nematode,-79.39124156,43.64340008,0.009163486,2,0.301482316,10723.16551
159178,20074209,2007,Mammalian,Large Carnivores,Sacrpotic Mites,Ecoparasitic,-79.73299597,43.66601826,0.045871623,2,-0.380080014,860.8933892
159191,20074051,2007,Avian,Pigeons and Doves,Trichonomiasis,Protozoan,-79.56426857,43.65503524,0.472456584,4,-0.173293218,1869.421173
159192,20113414,2011,Avian,Pigeons and Doves,AMPV-1,Viral,-79.56425469,43.65505139,0.03717046,2,0.301482316,417.116697
159195,20073873,2007,Avian,Pigeons and Doves,Lice,Ectoparasitic,-79.51748209,43.65783379,0.207504586,4,0.301482316,306.8220381
159198,20075479,2007,Avian,Falcons and Hawks,Lice,Ectoparasitic,-79.48444165,43.64933652,0.222037862,4,-0.049716132,672.9523132
159199,20101601,2010,Avian,Waterfowl and Waders,Avian Pox,Viral,-79.47603026,43.65125863,0.118868974,3,0.301482316,6943.773921
159200,20073977,2007,Avian,Pigeons and Doves,Lice,Ectoparasitic,-79.45995725,43.6546951,0.086510947,3,-0.282689816,3463.89469
159201,20093344,2009,Mammalian,Small Carnivores,Canine Distemper Virus,Viral,-79.4510349,43.65150055,0.174577259,3,-0.1494347,1442.898486
159202,20083518,2008,Avian,Pigeons and Doves,AMPV-1,Viral,-79.43143821,43.64963774,0.302337951,4,0.115594924,1830.575255
159203,20075350,2007,Avian,Pigeons and Doves,Nosocomial yeast,Bacterial,-79.42268694,43.65440326,0.308912374,4,-0.439801907,2661.216394
159204,20071223,2007,Avian,Pigeons and Doves,Trichonomiasis,Protozoan,-79.40601219,43.65230539,0.26711671,4,-0.038556955,1755.828559
159205,20070321,2007,Avian,Pigeons and Doves,AMPV-1,Viral,-79.3910267,43.64986609,0.343944581,4,0.301482316,3164.144395
159206,20070604,2007,Avian,Pigeons and Doves,Trichonomiasis,Protozoan,-79.38490397,43.65120086,0.307261969,4,-0.118247348,3811.255416
159207,20075487,2007,Avian,Pigeons and Doves,Nosocomial yeast,Bacterial,-79.37789359,43.64916619,0.248503944,4,-0.394998677,8894.241534
159208,20120265,2012,Avian,Pigeons and Doves,AMPV-1,Viral,-79.36213797,43.65021126,0.052662131,3,0.301482316,3743.560867
159808,20072032,2007,Mammalian,Small Rodents and Moles,Fleas,Ectoparasitic,-80.37788123,43.70589893,0.052775164,3,-0.248169298,625.1721799
159861,20122715,2012,Avian,Seabirds and Shorebirds,Circovirus,Viral,-79.72272617,43.67572798,-0.061804827,2,0.301482316,489.9709983
159864,20071084,2007,Mammalian,Lagomorphs,Mites,Ecoparasitic,-79.67414442,43.67525075,-0.074208625,2,0.032617085,0
159872,20071564,2007,Mammalian,Small Carnivores,Fleas,Ectoparasitic,-79.58769472,43.66575227,0.307651251,4,0.172509437,505.9981989
159874,20083534,2008,Mammalian,Small Rodents and Moles,Fleas,Ectoparasitic,-79.55941261,43.66635612,0.075208551,3,0.021398839,262.9710585
159875,20091443,2009,Mammalian,Small Carnivores,Canine Distemper Virus,Viral,-79.547697,43.67009386,0.155194655,3,-0.1494347,176.213107
159876,20092775,2009,Mammalian,Small Carnivores,Canine Distemper Virus,Viral,-79.53112395,43.66246062,0.13606457,3,0.149024748,405.4902589
159879,20091513,2009,Mammalian,Small Carnivores,Coccidia,Protozoan,-79.49115097,43.66571488,0.177375856,3,0.301482316,815.4096545
159880,20075183,2007,Avian,Pigeons and Doves,Nosocomial yeast,Bacterial,-79.48444199,43.66107164,0.245385391,4,-0.484754273,1016.678169
159881,20070264,2007,Avian,Pigeons and Doves,Trichonomiasis,Protozoan,-79.46455836,43.66538811,0.218515746,4,-0.07496222,1237.135479
159882,20071380,2007,Mammalian,Small Rodents and Moles,Fleas,Ectoparasitic,-79.46292193,43.66164543,0.25491612,4,0.225944267,2639.527069
159883,20092834,2009,Mammalian,Small Carnivores,Canine Distemper Virus,Viral,-79.44349512,43.65803854,0.25485101,4,-0.442981724,2712.988504
159884,20070482,2007,Avian,Pigeons and Doves,Trichonomiasis,Protozoan,-79.43160483,43.66359835,0.208071972,4,-0.07496222,3051.161402
159885,20075469,2007,Avian,Pigeons and Doves,Lice,Ectoparasitic,-79.4256008,43.66198281,0.277672016,4,-0.219293027,1299.211691
159886,20074091,2007,Mammalian,Small Carnivores,Canine Distemper Virus,Viral,-79.40770048,43.65648024,0.297813216,4,0.160211287,1699.496826
159887,20072212,2007,Avian,Pigeons and Doves,Trichonomiasis,Protozoan,-79.39996486,43.65795584,0.278783166,4,0.057518017,3362.892565
159888,20070004,2007,Avian,Pigeons and Doves,Nosocomial yeast,Bacterial,-79.38208888,43.6593454,0.279940758,4,-0.568052978,13572.82469
159889,20075623,2007,Avian,Pigeons and Doves,Trichonomiasis,Protozoan,-79.37097879,43.65832221,0.29307488,4,-0.073883076,12579.76509
159890,20070314,2007,Avian,Pigeons and Doves,Trichonomiasis,Protozoan,-79.36272702,43.65155275,0.371552448,4,-0.328315008,2606.494345
159891,20075589,2007,Avian,Pigeons and Doves,Salmonella,Bacterial,-79.34889777,43.65670836,0.232278382,4,-0.315064921,1568.563472
160536,20084088,2008,Mammalian,Large Carnivores,Sacrpotic Mites,Ecoparasitic,-79.80857234,43.68627966,0.140514037,3,0.301482316,777.0923206
160539,20072816,2007,Avian,Pigeons and Doves,Nosocomial yeast,Bacterial,-79.76665506,43.68334464,0.187899645,3,-0.444965128,1552.467389
160540,20081179,2008,Mammalian,Small Rodents and Moles,Fleas,Ectoparasitic,-79.75867156,43.68705131,0.040087564,2,0.021398839,811.1880145
160553,20080504,2008,Avian,Pigeons and Doves,AMPV-1,Viral,-79.59101401,43.67683724,0.135377025,3,-0.334337528,0.640531057
160555,20071789,2007,Avian,Pigeons and Doves,Lice,Ectoparasitic,-79.56312563,43.67455657,0.167112953,3,0.083714861,1019.73907
160556,20091971,2009,Mammalian,Small Carnivores,Canine Distemper Virus,Viral,-79.55097427,43.67725802,0.038622625,2,0.301482316,1770.653608
160563,20110553,2011,Mammalian,Small Rodents and Moles,Fleas,Ectoparasitic,-79.46759517,43.67256644,0.09673693,3,0.301482316,993.8486852
160565,20075435,2007,Avian,Pigeons and Doves,Nosocomial yeast,Bacterial,-79.44645658,43.66670775,0.198209988,3,-0.493106914,3726.039257
160566,20072300,2007,Mammalian,Small Rodents and Moles,Fleas,Ectoparasitic,-79.42900825,43.6700871,0.253482953,4,0.225944267,961.8654024
160567,20073130,2007,Avian,Pigeons and Doves,Nosocomial yeast,Bacterial,-79.42017633,43.66811634,0.27879632,4,-0.568052978,1185.273781
160568,20075679,2007,Avian,Pigeons and Doves,Nosocomial yeast,Bacterial,-79.40378484,43.6666797,0.267784383,4,-0.122387207,5877.601982
160569,20073996,2007,Avian,Pigeons and Doves,Lice,Ectoparasitic,-79.39237666,43.66458355,0.163519051,3,-0.363845861,5037.561357
160570,20070114,2007,Avian,Pigeons and Doves,AMPV-1,Viral,-79.38095148,43.66569684,0.261442462,4,-0.379378044,10960.03673
160571,20075657,2007,Avian,Falcons and Hawks,Lice,Ectoparasitic,-79.37213555,43.66763836,0.241494859,4,-0.360077218,13209.88078
160572,20082022,2008,Mammalian,Small Rodents and Moles,Squirrel Pox,Viral,-79.35591065,43.66463391,0.28486448,4,0.301482316,4658.072457
160573,20084578,2008,Avian,Pigeons and Doves,AMPV-1,Viral,-79.35134495,43.66245151,0.281510999,4,0.228375036,1389.298108
160574,20071960,2007,Mammalian,Small Rodents and Moles,Fleas,Ectoparasitic,-79.33923888,43.66539246,0.314326152,4,-0.223118355,1807.477256
160575,20102245,2010,Avian,Pigeons and Doves,Trichonomiasis,Protozoan,-79.3199937,43.66556307,0.091255976,3,-0.27937672,1666.585825
161218,20093529,2009,Mammalian,Small Carnivores,Canine Distemper Virus,Viral,-79.79688831,43.69669145,0.023951901,2,-0.191852978,614.0407603
161221,20102841,2010,Avian,Pigeons and Doves,Avian Pox,Viral,-79.76940085,43.69294293,0.039663042,2,0.301482316,658.6932005
161223,20080232,2008,Avian,Pigeons and Doves,Lice,Ectoparasitic,-79.74139691,43.68973867,-0.033486423,2,-0.269776302,703.8686703
161226,20080096,2008,Mammalian,Small Carnivores,Canine Distemper Virus,Viral,-79.70866631,43.68862574,0.03219187,2,0.301482316,41.20441514
161238,20074220,2007,Mammalian,Small Rodents and Moles,Fleas,Ectoparasitic,-79.55468028,43.6856286,0.16670816,3,0.301482316,578.280402
161239,20071917,2007,Mammalian,Small Carnivores,Canine Distemper Virus,Viral,-79.53907647,43.67985176,0.167070137,3,-0.353377434,295.6749442
161240,20071043,2007,Mammalian,Large Carnivores,Strongyles,Nematode,-79.5266301,43.68221351,0.13629982,3,-0.126125579,1315.724529
161241,20094196,2009,Mammalian,Small Carnivores,Canine Distemper Virus,Viral,-79.51238785,43.68552859,0.061860111,3,0.160086624,4355.252572
161242,20090455,2009,Mammalian,Small Carnivores,Canine Distemper Virus,Viral,-79.50827793,43.68013166,-0.07856597,2,0.144241268,1750.653119
161243,20081201,2008,Avian,Pigeons and Doves,AMPV-1,Viral,-79.49886099,43.68457205,0.129583133,3,0.168192305,1505.566072
161244,20075691,2007,Avian,Pigeons and Doves,Lice,Ectoparasitic,-79.47671438,43.68163002,0.160243847,3,-0.282689816,1076.871553
161245,20074115,2007,Mammalian,Small Rodents and Moles,Fleas,Ectoparasitic,-79.46475422,43.67840146,0.169039078,3,0.028152648,979.0112354
161247,20073694,2007,Avian,Pigeons and Doves,Coccidia,Protozoan,-79.4430456,43.67791048,0.301643238,4,-0.118247348,663.0981392
161248,20075148,2007,Avian,Pigeons and Doves,Lice,Ectoparasitic,-79.43562605,43.67953736,0.313786593,4,-0.494143477,1577.619944
161249,20073341,2007,Avian,Songbirds,Coccidia,Protozoan,-79.41433586,43.67314468,0.175920952,3,0.301482316,1427.94975
161250,20080222,2008,Avian,Pigeons and Doves,AMPV-1,Viral,-79.40253232,43.67580885,0.189073911,3,-0.402538111,2774.177211
161251,20070187,2007,Avian,Pigeons and Doves,Trichonomiasis,Protozoan,-79.3975803,43.67718579,0.228913382,4,-0.07496222,4342.989444
161252,20073402,2007,Avian,Pigeons and Doves,Nosocomial yeast,Bacterial,-79.38774263,43.67267279,0.195842044,3,0.15333217,4908.016738
161253,20104160,2010,Avian,Pigeons and Doves,AMPV-1,Viral,-79.37072668,43.67203548,0.073429092,3,0.301482316,6012.632725
161254,20072396,2007,Avian,Pigeons and Doves,Capillaria,Nematode,-79.35882673,43.67619744,0.193098639,3,0.301482316,5845.679458
161256,20120635,2012,Mammalian,Small Rodents and Moles,Fleas,Ectoparasitic,-79.32926752,43.67064866,0.215519868,4,0.301482316,1694.092936
161257,20074543,2007,Avian,Pigeons and Doves,Trichonomiasis,Protozoan,-79.32237114,43.67221998,0.235633195,4,-0.07496222,1016.979149
161258,20070164,2007,Avian,Pigeons and Doves,AMPV-1,Viral,-79.31257305,43.66722219,0.227577452,4,-0.572849063,2123.667023
161259,20102716,2010,Avian,Pigeons and Doves,AMPV-1,Viral,-79.2979856,43.67047959,0.103219271,3,0.301482316,1591.442182
161260,20091857,2009,Avian,Pigeons and Doves,AMPV-1,Viral,-79.28625695,43.67293079,-0.202447969,1,0.301482316,1761.414708
161899,20102991,2010,Avian,Pigeons and Doves,AMPV-1,Viral,-79.81201954,43.70666248,0.125101314,3,-0.057037022,774.6105834
161901,20083540,2008,Mammalian,Small Rodents and Moles,Fleas,Ectoparasitic,-79.78700572,43.70581966,0.00225551,2,0.301482316,596.3403393
161916,20100334,2010,Mammalian,Small Carnivores,Canine Distemper Virus,Viral,-79.60602868,43.69750925,0.274972231,4,0.301482316,11.74390099
161920,20070447,2007,Mammalian,Small Carnivores,Coccidia,Protozoan,-79.55868727,43.69421873,0.088465319,3,0.301482316,2551.895776
161921,20074355,2007,Mammalian,Small Rodents and Moles,Fleas,Ectoparasitic,-79.5465799,43.69706154,0.11481195,3,0.301482316,1258.598496
161922,20103140,2010,Mammalian,Small Rodents and Moles,Fleas,Ectoparasitic,-79.53270885,43.69614257,0.065418223,3,0.301482316,170.5980812
161924,20080120,2008,Mammalian,Small Carnivores,Canine Distemper Virus,Viral,-79.50075644,43.691277,0.12468068,3,-0.05233695,2497.043813
161925,20100982,2010,Mammalian,Small Rodents and Moles,Fleas,Ectoparasitic,-79.48946142,43.68698655,0.082075077,3,0.301482316,1388.896667
161926,20073605,2007,Avian,Songbirds,Mites,Ectoparasitic,-79.4749448,43.69018144,0.104491874,3,0.301482316,1539.185713
161929,20100628,2010,Mammalian,Small Rodents and Moles,Fleas,Ectoparasitic,-79.44609358,43.68556327,0.247139421,4,0.301482316,1683.684158
161930,20071308,2007,Avian,Pigeons and Doves,AMPV-1,Viral,-79.42646934,43.68228757,0.207634479,4,0.301482316,1716.464468
161931,20070719,2007,Avian,Pigeons and Doves,Trichonomiasis,Protozoan,-79.41830277,43.68319108,0.206456852,4,-0.07496222,5907.959206
161932,20070858,2007,Mammalian,Small Rodents and Moles,Fleas,Ectoparasitic,-79.41108361,43.68455126,0.158799949,3,-0.24609249,2664.793259
161933,20073972,2007,Avian,Pigeons and Doves,Coccidia,Protozoan,-79.39201049,43.6830879,0.119023307,3,-0.07496222,5649.027034
161936,20101251,2010,Avian,Pigeons and Doves,AMPV-1,Viral,-79.35692498,43.68391154,0.259943844,4,0.301482316,1348.382399
161937,20073817,2007,Avian,Pigeons and Doves,Lice,Ectoparasitic,-79.34729866,43.67842963,0.279710929,4,-0.170250136,860.0512061
161938,20075568,2007,Avian,Pigeons and Doves,Lice,Ectoparasitic,-79.32682936,43.67955765,0.19114726,3,-0.384057575,1080.949697
161939,20073373,2007,Mammalian,Small Carnivores,Canine Distemper Virus,Viral,-79.32360196,43.68338695,0.191196092,3,-0.021788509,909.415142
161940,20070396,2007,Mammalian,Small Carnivores,Canine Distemper Virus,Viral,-79.31077622,43.68086286,0.198716596,3,-0.039612893,2660.574689
161941,20075496,2007,Avian,Pigeons and Doves,AMPV-1,Viral,-79.30015275,43.68398952,0.176633559,3,-0.152068155,1916.539963
161942,20094268,2009,Mammalian,Small Rodents and Moles,Notoendric mite,Ectoparasitic,-79.28401647,43.68082628,0.156324375,3,0.301482316,1335.691393
162588,20083366,2008,Mammalian,Small Rodents and Moles,Baylisascaris spp. (aberrant),Nematode,-79.7280577,43.71498591,0.105909356,3,0.301482316,2368.488118
162591,20071987,2007,Mammalian,Small Rodents and Moles,Fleas,Ectoparasitic,-79.69040529,43.70480847,-0.069021709,2,-0.374458637,329.8261737
162595,20113308,2011,Avian,Songbirds,West Nile Virus,Viral,-79.64263911,43.70358945,0.041082818,2,0.301482316,711.0038418
162601,20120762,2012,Avian,Pigeons and Doves,Avian Pox,Viral,-79.56355365,43.70482201,0.257133734,4,0.123481776,381.5586711
162604,20081788,2008,Mammalian,Small Rodents and Moles,Fleas,Ectoparasitic,-79.52320943,43.69820106,0.077856336,3,0.021398839,2460.934443
162605,20073600,2007,Avian,Pigeons and Doves,Nosocomial yeast,Bacterial,-79.51034628,43.6980008,0.098979312,3,-0.117417984,3544.941708
162606,20074009,2007,Avian,Pigeons and Doves,Nosocomial yeast,Bacterial,-79.50385048,43.70295386,0.201031713,3,-0.544342194,3176.74485
162609,20072694,2007,Avian,Pigeons and Doves,AMPV-1,Viral,-79.46214998,43.69305304,0.049058893,3,-0.498461048,1300.330459
162610,20070582,2007,Mammalian,Small Rodents and Moles,Notoendric mite,Ectoparasitic,-79.45036212,43.69567097,0.203345562,3,0.301482316,2972.141359
162611,20094297,2009,Avian,Pigeons and Doves,AMPV-1,Viral,-79.44525618,43.69678191,0.256726214,4,-0.264182959,2742.491381
162614,20075336,2007,Avian,Pigeons and Doves,AMPV-1,Viral,-79.40299256,43.69057439,0.168280687,3,-0.152068155,3082.096466
162615,20080184,2008,Avian,Pigeons and Doves,AMPV-1,Viral,-79.3952716,43.69207633,0.039867391,2,-0.444382758,7540.015164
162616,20080355,2008,Mammalian,Small Rodents and Moles,Fleas,Ectoparasitic,-79.38327556,43.69039139,0.085024148,3,0.021398839,744.3456283
162617,20080535,2008,Avian,Falcons and Hawks,Lice,Ectoparasitic,-79.36357608,43.68789739,0.01554401,2,-0.175031126,544.392783
162618,20080045,2008,Avian,Falcons and Hawks,Lice,Ectoparasitic,-79.35024078,43.69322456,0.111191863,3,-0.175031126,6725.065619
162619,20070353,2007,Avian,Pigeons and Doves,Nosocomial yeast,Bacterial,-79.34166582,43.6911405,0.240875921,4,-0.606377977,3074.812613
162620,20075228,2007,Avian,Pigeons and Doves,Nosocomial yeast,Bacterial,-79.32654144,43.69060522,0.218670796,4,-0.037576301,935.8611567
162621,20123533,2012,Avian,Pigeons and Doves,AMPV-1,Viral,-79.31571136,43.69245361,0.253137634,4,0.301482316,678.0519554
162622,20075709,2007,Avian,Pigeons and Doves,Nosocomial yeast,Bacterial,-79.31272287,43.6856901,0.239112253,4,-0.315064921,2023.046649
162623,20070342,2007,Mammalian,Small Carnivores,Canine Distemper Virus,Viral,-79.28830972,43.69123263,0.171624669,3,-0.019071628,3117.066973
162624,20100004,2010,Mammalian,Small Carnivores,Canine Distemper Virus,Viral,-79.28266641,43.68436546,0.129571319,3,0.301482316,884.894027
162625,20103692,2010,Mammalian,Small Rodents and Moles,Fleas,Ectoparasitic,-79.27090624,43.68777361,-0.126325993,2,0.301482316,1003.342636
163246,20083331,2008,Mammalian,Small Rodents and Moles,Fleas,Ectoparasitic,-80.01691492,43.73519788,-0.99199854,1,-0.20494199,0
163272,20071867,2007,Mammalian,Small Rodents and Moles,Fleas,Ectoparasitic,-79.70533894,43.71543149,0.094826489,3,-0.099367081,515.9416346
163274,20075099,2007,Avian,Owls,Lice,Ectoparasitic,-79.67981805,43.71443427,-0.074408774,2,-0.092366898,2.446924466
163278,20080190,2008,Avian,Pigeons and Doves,AMPV-1,Viral,-79.63154185,43.71363493,0.087525634,3,0.119554807,1139.522514
163279,20075452,2007,Avian,Songbirds,Strongyles,Nematode,-79.6189633,43.7159282,-0.062468948,2,0.301482316,2.967382615
163280,20073200,2007,Mammalian,Small Carnivores,Canine Distemper Virus,Viral,-79.59612441,43.71782925,-0.17827478,1,0.301482316,98.4956074
163283,20094348,2009,Avian,Pigeons and Doves,AMPV-1,Viral,-79.56780215,43.71416208,-0.021042729,2,-0.024341844,1377.211348
163284,20070282,2007,Mammalian,Small Carnivores,Canine Distemper Virus,Viral,-79.55501572,43.71457725,0.353375284,4,-0.161390106,1902.223602
163286,20080022,2008,Avian,Pigeons and Doves,Lice,Ectoparasitic,-79.5322041,43.70568488,0.149410322,3,0.301482316,941.9144417
163287,20100755,2010,Avian,Pigeons and Doves,AMPV-1,Viral,-79.51313966,43.70663061,0.260542408,4,0.301482316,619.8600064
163289,20072402,2007,Mammalian,Small Carnivores,Canine Distemper Virus,Viral,-79.49421054,43.70494552,0.095488602,3,-0.032059362,590.0450145
163290,20073638,2007,Mammalian,Small Carnivores,Baylisascaris (definitive),Nematode,-79.47801589,43.70873897,0.106359607,3,0.301482316,2702.070733
163291,20074200,2007,Mammalian,Small Rodents and Moles,Fleas,Ectoparasitic,-79.45963372,43.70957532,0.149705199,3,0.247801408,4765.852877
163294,20070316,2007,Mammalian,Small Carnivores,Sacrpotic Mites,Ecoparasitic,-79.42548561,43.70105932,0.239640205,4,-0.338267074,3650.782242
163295,20100268,2010,Mammalian,Small Carnivores,Canine Distemper Virus,Viral,-79.41906188,43.70238219,0.193438543,3,0.301482316,1904.976313
163296,20073160,2007,Avian,Pigeons and Doves,Lice,Ectoparasitic,-79.39831297,43.70676125,0.194137914,3,-0.003519587,6318.958508
163297,20073774,2007,Avian,Pigeons and Doves,Nosocomial yeast,Bacterial,-79.39775272,43.7047002,0.220895745,4,-0.567355068,8715.37666
163298,20073921,2007,Mammalian,Small Rodents and Moles,Baylisascaris spp. (aberrant),Nematode,-79.37409221,43.70300761,0.126690846,3,-0.202334284,1060.852858
163300,20072797,2007,Avian,Pigeons and Doves,AMPV-1,Viral,-79.35035473,43.69596076,0.037104566,2,-0.498461048,2475.691448
163301,20111194,2011,Mammalian,Small Rodents and Moles,Squirrel Pox,Viral,-79.33961013,43.69555388,0.075866706,3,0.301482316,2950.011805
163302,20084047,2008,Avian,Songbirds,West Nile Virus,Viral,-79.32948421,43.69772497,0.089495114,3,0.301482316,683.9439584
163303,20074776,2007,Mammalian,Small Carnivores,Canine Distemper Virus,Viral,-79.31381355,43.69700512,0.090091356,3,-0.048921787,938.3482885
163304,20074342,2007,Mammalian,Small Rodents and Moles,Fleas,Ectoparasitic,-79.30885918,43.69757134,0.049249185,3,-0.248169298,4161.114203
163306,20092973,2009,Mammalian,Small Carnivores,Canine Distemper Virus,Viral,-79.27708939,43.69369508,0.122294734,3,0.149024748,1547.841584
163307,20074767,2007,Avian,Pigeons and Doves,AMPV-1,Viral,-79.2736251,43.69437402,0.188757117,3,0.301482316,529.4468793
163950,20104629,2010,Mammalian,Small Rodents and Moles,Notoendric mite,Ectoparasitic,-79.7482334,43.72994857,0.164522268,3,0.301482316,584.332136
163951,20072431,2007,Mammalian,Small Rodents and Moles,Fleas,Ectoparasitic,-79.74227919,43.72545504,0.152561704,3,-0.105646037,562.1456906
163953,20074607,2007,Avian,Pigeons and Doves,Lice,Ectoparasitic,-79.71746328,43.72458997,0.151512427,3,-0.282689816,531.4450541
163967,20092677,2009,Avian,Pigeons and Doves,Trichonomiasis,Protozoan,-79.53767733,43.71885497,0.026372222,2,0.113929709,465.0929592
163968,20114575,2011,Avian,Pigeons and Doves,AMPV-1,Viral,-79.53259316,43.71999852,0.365193604,4,0.234525624,354.2544457
163969,20071306,2007,Avian,Pigeons and Doves,Trichonomiasis,Protozoan,-79.50867343,43.72093644,0.413219254,4,-0.366113731,1521.492598
163974,20073300,2007,Avian,Songbirds,Mites,Ectoparasitic,-79.45481407,43.71409687,0.105224643,3,0.301482316,738.0022838
163975,20071342,2007,Mammalian,Small Rodents and Moles,Fleas,Ectoparasitic,-79.44394323,43.7141896,0.277223889,4,-0.160361322,1441.348107
163976,20070867,2007,Mammalian,Small Rodents and Moles,Fleas,Ectoparasitic,-79.42812936,43.71233056,0.197751498,3,0.301482316,1846.810656
163977,20070094,2007,Mammalian,Small Rodents and Moles,Notoendric mite,Ectoparasitic,-79.41167592,43.71210981,0.170012141,3,0.028152648,498.0222029
163978,20074145,2007,Mammalian,Small Rodents and Moles,Fleas,Ectoparasitic,-79.39926321,43.7110984,0.175288986,3,0.028152648,5104.80395
163979,20075258,2007,Avian,Pigeons and Doves,Nosocomial yeast,Bacterial,-79.39014314,43.70842894,0.093935819,3,-0.117417984,8251.160405
163980,20070106,2007,Avian,Pigeons and Doves,AMPV-1,Viral,-79.37702885,43.71108523,0.182311911,3,0.301482316,1654.237796
163981,20100042,2010,Avian,Pigeons and Doves,AMPV-1,Viral,-79.36474534,43.71358388,0.224314862,4,0.301482316,1145.101208
163984,20084084,2008,Avian,Pigeons and Doves,AMPV-1,Viral,-79.33443437,43.70991863,0.030115621,2,-0.444382758,1689.450469
163985,20100962,2010,Mammalian,Small Rodents and Moles,Fleas,Ectoparasitic,-79.31638819,43.704946,0.016476878,2,0.301482316,778.9910143
163987,20084193,2008,Avian,Pigeons and Doves,Lice,Ectoparasitic,-79.29658548,43.71031223,0.185794843,3,0.301482316,2109.965034
163990,20071959,2007,Mammalian,Small Rodents and Moles,Fleas,Ectoparasitic,-79.25285322,43.7039574,0.189662671,3,0.301482316,375.2899105
164629,20122751,2012,Mammalian,Bats,Rabies,Viral,-79.77968684,43.73987413,-0.541907826,1,0.301482316,21.19300613
164631,20080351,2008,Mammalian,Small Rodents and Moles,Notoendric mite,Ectoparasitic,-79.75731293,43.73683654,0.158159777,3,0.301482316,608.8415975
164635,20074181,2007,Mammalian,Small Rodents and Moles,Fleas,Ectoparasitic,-79.70668278,43.73397067,0.083845621,3,-0.248169298,573.7503157
164641,20075254,2007,Avian,Pigeons and Doves,Trichonomiasis,Protozoan,-79.63412285,43.73352846,0.034917957,2,-0.605458224,778.7842118
164643,20075069,2007,Mammalian,Small Carnivores,Canine Distemper Virus,Viral,-79.61793391,43.73501652,-0.052397499,2,-0.199431781,689.4765929
164644,20075391,2007,Avian,Pigeons and Doves,Nosocomial yeast,Bacterial,-79.60359292,43.73396678,0.137526014,3,-0.444965128,1023.407684
164645,20093278,2009,Mammalian,Small Carnivores,Canine Distemper Virus,Viral,-79.59311313,43.73346751,-0.003965027,2,0.120460921,817.6261303
164646,20104387,2010,Avian,Pigeons and Doves,Circovirus,Viral,-79.57421866,43.72737031,0.035301191,2,0.301482316,793.2937753
164647,20070801,2007,Avian,Seabirds and Shorebirds,Strongyles,Nematode,-79.56130605,43.72826932,0.041827868,2,-0.507201073,326.1421859
164648,20124185,2012,Avian,Pigeons and Doves,AMPV-1,Viral,-79.55061481,43.72518689,-0.1730335,1,0.301482316,734.1291691
164652,20102334,2010,Avian,Pigeons and Doves,Circovirus,Viral,-79.50197483,43.72215939,0.146621615,3,0.301482316,998.9842532
164654,20072745,2007,Avian,Pigeons and Doves,Nosocomial yeast,Bacterial,-79.48213167,43.72668681,0.422748899,4,-0.029033274,752.3210714
164655,20090619,2009,Avian,Pigeons and Doves,AMPV-1,Viral,-79.4577067,43.72698516,0.271810718,4,0.301482316,549.374099
164656,20074628,2007,Avian,Pigeons and Doves,Lice,Ectoparasitic,-79.45609483,43.72046186,0.324296226,4,-0.589906087,727.7883256
164658,20070284,2007,Avian,Pigeons and Doves,AMPV-1,Viral,-79.42967508,43.71933719,0.209814847,4,-0.360321801,1511.211159
164659,20090392,2009,Mammalian,Small Rodents and Moles,Notoendric mite,Ectoparasitic,-79.41557722,43.72225305,0.179053757,3,0.301482316,720.4093722
164660,20070075,2007,Avian,Pigeons and Doves,Nosocomial yeast,Bacterial,-79.4021918,43.72510884,0.155486706,3,-0.444965128,2358.449092
164661,20123062,2012,Avian,Pigeons and Doves,Lice,Ectoparasitic,-79.39411788,43.71789784,0.085808978,3,0.301482316,313.4783092
164663,20090310,2009,Mammalian,Small Carnivores,Canine Distemper Virus,Viral,-79.35980676,43.7146465,-0.064223371,2,0.120460921,736.8536429
164664,20113201,2011,Mammalian,Small Rodents and Moles,Fleas,Ectoparasitic,-79.35011393,43.71692379,-0.178294918,1,0.301482316,421.2791253
164665,20072877,2007,Avian,Pigeons and Doves,Nosocomial yeast,Bacterial,-79.33878967,43.72061022,0.049753726,3,-0.598451887,2793.24755
164670,20073204,2007,Avian,Pigeons and Doves,Coccidia,Protozoan,-79.28106135,43.71202269,0.049181177,3,-0.605458224,716.6461833
164672,20075567,2007,Avian,Pigeons and Doves,Nosocomial yeast,Bacterial,-79.24823234,43.7112479,0.169851119,3,-0.444965128,1322.537902
165316,20071469,2007,Mammalian,Small Rodents and Moles,Fleas,Ectoparasitic,-79.72678736,43.74911119,0.088806391,3,-0.339330375,831.4133462
165325,20100379,2010,Mammalian,Small Carnivores,Canine Distemper Virus,Viral,-79.60772144,43.74435477,-0.044998487,2,0.301482316,164.4461707
165327,20075508,2007,Avian,Falcons and Hawks,Lice,Ectoparasitic,-79.58201752,43.74321354,0.132350677,3,-0.291192253,1311.455755
165329,20092853,2009,Mammalian,Small Carnivores,Canine Distemper Virus,Viral,-79.56537896,43.73723734,-0.027957498,2,0.120460921,315.1425526
165331,20070468,2007,Avian,Pigeons and Doves,Strongyles,Nematode,-79.53822969,43.73371883,0.078287491,3,0.115893274,617.6007606
165332,20075678,2007,Avian,Falcons and Hawks,Capillaria,Nematode,-79.52012449,43.7378485,0.186487722,3,-0.107560868,1212.115705
165333,20080003,2008,Avian,Pigeons and Doves,Trichonomiasis,Protozoan,-79.51320801,43.73946917,-0.087112129,2,-0.433859776,1721.713289
165337,20072544,2007,Avian,Pigeons and Doves,Coccidia,Protozoan,-79.45895147,43.73203481,0.137954102,3,-0.07496222,616.3397497
165338,20093988,2009,Mammalian,Small Carnivores,Canine Distemper Virus,Viral,-79.45523398,43.72877869,0.521759171,4,-0.019909927,701.3366958
165342,20084567,2008,Avian,Pigeons and Doves,AMPV-1,Viral,-79.40378279,43.73092387,0.222145735,4,0.142117346,1274.158786
165344,20113174,2011,Mammalian,Small Rodents and Moles,Fleas,Ectoparasitic,-79.38181115,43.72893896,-0.105878165,2,0.301482316,167.2237553
165348,20071073,2007,Mammalian,Small Carnivores,Canine Distemper Virus,Viral,-79.33176371,43.7238888,0.121942377,3,-0.167764413,2267.573911
165350,20071947,2007,Mammalian,Small Rodents and Moles,Fleas,Ectoparasitic,-79.30203877,43.72337111,0.15099932,3,-0.105646037,2998.010796
165351,20074591,2007,Avian,Seabirds and Shorebirds,Mites,Ectoparasitic,-79.2877454,43.72791814,-0.011775065,2,-0.158339603,83.64951481
165354,20074506,2007,Avian,Pigeons and Doves,Nosocomial yeast,Bacterial,-79.25397829,43.72486509,0.138258987,3,-0.444965128,2556.234072
165355,20075225,2007,Avian,Pigeons and Doves,Nosocomial yeast,Bacterial,-79.24038779,43.71833827,0.110827968,3,-0.444965128,1968.101187
165356,20073484,2007,Mammalian,Small Carnivores,Coccidia,Protozoan,-79.23248061,43.72519522,-0.227391136,1,-0.511494726,436.1705371
165970,20073591,2007,Mammalian,Large Carnivores,Sacrpotic Mites,Ecoparasitic,-80.06870185,43.7758166,-0.203668688,1,0.301482316,105.8202323
165997,20102925,2010,Avian,Songbirds,Salmonella,Bacterial,-79.73403397,43.75452938,0.249841289,4,0.301482316,664.39259
165999,20100168,2010,Mammalian,Small Carnivores,Canine Distemper Virus,Viral,-79.70899091,43.75330695,0.023512901,2,0.301482316,0
166001,20080049,2008,Mammalian,Small Carnivores,Canine Distemper Virus,Viral,-79.68448545,43.7532283,-0.385449224,1,0.301482316,86.97561867
166009,20073073,2007,Avian,Pigeons and Doves,Avian Pox,Viral,-79.58001543,43.74712881,0.054081205,3,-0.498461048,1980.494065
166010,20090176,2009,Mammalian,Bats,Rabies,Viral,-79.56862973,43.74613892,-0.182114963,1,0.301482316,1406.088533
166013,20072673,2007,Avian,Pigeons and Doves,Nosocomial yeast,Bacterial,-79.54178545,43.7491377,-0.072646263,2,-0.062026532,1356.926908
166014,20110549,2011,Avian,Pigeons and Doves,AMPV-1,Viral,-79.5280952,43.74436749,0.167624958,3,0.301482316,963.2802556
166015,20114387,2011,Avian,Pigeons and Doves,AMPV-1,Viral,-79.51508053,43.74709031,0.125535983,3,0.301482316,1313.71918
166017,20075628,2007,Avian,Pigeons and Doves,Nosocomial yeast,Bacterial,-79.48630435,43.74480209,0.084566996,3,-0.4666505,1758.464277
166021,20073608,2007,Avian,Songbirds,Mites,Ectoparasitic,-79.4340389,43.73731213,0.233374727,4,0.301482316,1732.719055
166022,20070007,2007,Mammalian,Small Carnivores,Canine Distemper Virus,Viral,-79.42157321,43.73987917,0.417000271,4,-0.161390106,1867.261073
166028,20110888,2011,Mammalian,Small Rodents and Moles,Fleas,Ectoparasitic,-79.35582447,43.73456287,0.163154667,3,0.301482316,2620.623715
166029,20074389,2007,Avian,Pigeons and Doves,Lice,Ectoparasitic,-79.34204037,43.73233154,0.104185894,3,-0.282689816,2707.995501
166034,20102690,2010,Avian,Pigeons and Doves,Circovirus,Viral,-79.2778486,43.72989575,0.096262363,3,0.301482316,3428.781209
166035,20073422,2007,Avian,Pigeons and Doves,Coccidia,Protozoan,-79.26800013,43.73229061,0.10259627,3,-0.07496222,1445.242559
166036,20104107,2010,Avian,Pigeons and Doves,Mites,Ectoparasitic,-79.25265562,43.72741606,0.123425591,3,-0.27937672,2026.175343
166691,20094225,2009,Avian,Pigeons and Doves,AMPV-1,Viral,-79.5898748,43.75953352,-0.072850376,2,0.047750079,2662.149629
166694,20070066,2007,Avian,Pigeons and Doves,Nosocomial yeast,Bacterial,-79.54238156,43.75200684,-0.101825028,2,-0.285750491,446.642857
166695,20103556,2010,Avian,Pigeons and Doves,Circovirus,Viral,-79.53056224,43.75648135,0.068611514,3,0.301482316,877.2942056
166696,20072339,2007,Avian,Pigeons and Doves,Lice,Ectoparasitic,-79.51777558,43.75722685,0.0410652,2,-0.042409405,3016.645713
166697,20122887,2012,Avian,Pigeons and Doves,AMPV-1,Viral,-79.5133751,43.75806072,0.009160162,2,0.301482316,2431.255294
166699,20073990,2007,Mammalian,Small Rodents and Moles,Fleas,Ectoparasitic,-79.48754165,43.74961855,0.013418095,2,-0.374458637,2462.350555
166700,20093595,2009,Mammalian,Small Carnivores,Canine Distemper Virus,Viral,-79.47418881,43.75555696,-0.130661253,2,0.144241268,22.94804196
166701,20070300,2007,Avian,Pigeons and Doves,AMPV-1,Viral,-79.46270806,43.75044205,0.095318504,3,0.145154535,1136.768808
166702,20071394,2007,Avian,Seabirds and Shorebirds,Capillaria,Nematode,-79.44966882,43.74811361,0.149694286,3,0.301482316,547.1915235
166705,20073589,2007,Mammalian,Small Rodents and Moles,Squirrel Pox,Viral,-79.40663856,43.7440882,0.115462859,3,0.301482316,781.013487
166706,20093430,2009,Mammalian,Small Carnivores,Canine Distemper Virus,Viral,-79.4025632,43.74758397,0.121559752,3,0.149024748,1064.22395
166707,20100162,2010,Mammalian,Small Carnivores,Canine Distemper Virus,Viral,-79.38412407,43.74808218,0.132240798,3,0.301482316,651.9019077
166710,20101021,2010,Mammalian,Small Rodents and Moles,Fleas,Ectoparasitic,-79.34510258,43.7438577,0.066152523,3,0.301482316,275.3318969
166711,20074110,2007,Avian,Pigeons and Doves,Strongyles,Nematode,-79.33226498,43.74140511,0.019216883,2,0.301482316,294.3451699
166713,20100637,2010,Mammalian,Small Carnivores,Canine Distemper Virus,Viral,-79.30978245,43.74218612,0.151214483,3,0.301482316,2332.749378
166714,20075707,2007,Avian,Falcons and Hawks,Lice,Ectoparasitic,-79.30462424,43.74328428,0.150315741,3,-0.204482134,844.2186714
166718,20072867,2007,Mammalian,Small Carnivores,Ticks,Ectoparasitic,-79.24815088,43.73675698,0.102725498,3,-0.305307344,1611.031953
166720,20094181,2009,Mammalian,Small Carnivores,Leptospira,Bacterial,-79.23192574,43.74023328,0.121845325,3,0.134985394,2953.529367
166721,20110239,2011,Mammalian,Large Carnivores,Sacrpotic Mites,Ecoparasitic,-79.20887271,43.74062726,0.009309214,2,0.301482316,1292.621237
167375,20100132,2010,Mammalian,Small Carnivores,Canine Distemper Virus,Viral,-79.56481435,43.76661278,-0.000665423,2,0.301482316,12.72236171
167376,20084244,2008,Mammalian,Small Rodents and Moles,Baylisascaris spp. (aberrant),Nematode,-79.54591454,43.76765995,0.005020194,2,0.301482316,2.762330818
167378,20090299,2009,Avian,Pigeons and Doves,AMPV-1,Viral,-79.51966547,43.76589191,0.072247507,3,0.301482316,1984.240931
167380,20074427,2007,Avian,Pigeons and Doves,Lice,Ectoparasitic,-79.50005549,43.76103373,0.060390985,3,-0.173882441,3124.707463
167381,20075394,2007,Avian,Waterfowl and Waders,Strongyles,Nematode,-79.49106641,43.76347478,0.001339251,2,0.301482316,1389.915111
167385,20072165,2007,Avian,Pigeons and Doves,Strongyles,Nematode,-79.4384592,43.75549868,-0.117208749,2,-0.449408932,2828.998194
167386,20112265,2011,Avian,Pigeons and Doves,AMPV-1,Viral,-79.42257643,43.7589533,0.117376574,3,0.301482316,450.8882565
167387,20075626,2007,Avian,Pigeons and Doves,AMPV-1,Viral,-79.41106468,43.76155882,0.295546995,4,0.301482316,9373.30373
167391,20074608,2007,Avian,Pigeons and Doves,Nosocomial yeast,Bacterial,-79.35998588,43.75301217,0.0946435,3,-0.117417984,1114.14615
167397,20073900,2007,Mammalian,Small Rodents and Moles,Fleas,Ectoparasitic,-79.28478486,43.74751985,0.110587256,3,-0.375367659,793.6084136
167398,20100358,2010,Avian,Waterfowl and Waders,Mites,Ectoparasitic,-79.27486649,43.7494556,0.026664974,2,0.301482316,526.7035861
167399,20084662,2008,Mammalian,Small Carnivores,Canine Distemper Virus,Viral,-79.25981419,43.7526075,0.014560065,2,-0.093877132,941.8268274
167400,20104628,2010,Avian,Pigeons and Doves,AMPV-1,Viral,-79.25533964,43.75350554,0.16636067,3,-0.458973193,399.8814527
167402,20073489,2007,Avian,Pigeons and Doves,Trichonomiasis,Protozoan,-79.22199662,43.75053296,0.110846946,3,-0.07496222,1067.933412
167403,20101090,2010,Avian,Pigeons and Doves,AMPV-1,Viral,-79.20939828,43.74609471,0.049362007,3,0.301482316,1913.793398
167404,20081720,2008,Avian,Pigeons and Doves,AMPV-1,Viral,-79.19925635,43.74759882,-0.048183493,2,-0.444382758,1169.553279
168054,20072073,2007,Mammalian,Small Carnivores,Fleas,Ectoparasitic,-79.58934944,43.78064939,-0.036573562,2,-0.202309526,694.6167345
168058,20100081,2010,Mammalian,Small Carnivores,Canine Distemper Virus,Viral,-79.54660101,43.77034626,-0.101967422,2,0.301482316,7.94511234
168060,20070520,2007,Mammalian,Small Carnivores,Canine Distemper Virus,Viral,-79.52176654,43.77534819,0.002424506,2,0.301482316,2730.368751
168062,20074787,2007,Mammalian,Small Carnivores,Canine Distemper Virus,Viral,-79.49365573,43.77337523,0.035797365,2,-0.528284089,423.7022556
168064,20094014,2009,Mammalian,Small Carnivores,Canine Distemper Virus,Viral,-79.46693136,43.76882226,-0.056832506,2,0.120460921,401.8193103
168066,20074949,2007,Avian,Pigeons and Doves,AMPV-1,Viral,-79.44975873,43.77298011,-0.058641563,2,-0.010730922,2205.058528
168069,20100977,2010,Mammalian,Small Rodents and Moles,Fleas,Ectoparasitic,-79.41283478,43.76933598,0.202632763,3,0.301482316,12055.61118
168070,20070081,2007,Avian,Pigeons and Doves,Nosocomial yeast,Bacterial,-79.3983407,43.76430125,0.285235837,4,-0.439801907,581.6462124
168071,20070142,2007,Avian,Pigeons and Doves,AMPV-1,Viral,-79.38798006,43.76670774,0.314382805,4,-0.123596894,5395.840652
168077,20092119,2009,Avian,Pigeons and Doves,Trichonomiasis,Protozoan,-79.31511227,43.75785052,0.189397357,3,0.116614542,1545.961441
168078,20075251,2007,Avian,Pigeons and Doves,AMPV-1,Viral,-79.30079902,43.76111942,0.086814055,3,0.256258803,551.1361938
168079,20090533,2009,Mammalian,Small Carnivores,Canine Distemper Virus,Viral,-79.2913002,43.76335195,0.095527328,3,0.301482316,1510.778797
168082,20103397,2010,Mammalian,Large Carnivores,Sacrpotic Mites,Ecoparasitic,-79.24544641,43.75553929,-0.052099348,2,0.301482316,409.5379183
168083,20070486,2007,Avian,Songbirds,Avian Pox,Viral,-79.23526613,43.75773348,0.126489599,3,0.135801999,634.4092308
168084,20100303,2010,Mammalian,Small Carnivores,Canine Distemper Virus,Viral,-79.22526384,43.75983528,0.023551973,2,0.301482316,2198.551016
168086,20080291,2008,Avian,Falcons and Hawks,Lice,Ectoparasitic,-79.19988975,43.75620912,0.056451477,3,-0.175031126,658.1135424
168736,20074943,2007,Avian,Owls,Hyppoboscid Flies,Fungal,-79.59999141,43.78334529,-0.037992739,2,-0.094478272,773.9588068
168738,20094318,2009,Mammalian,Bats,Rabies,Viral,-79.57309518,43.78420281,0.134287336,3,-0.334346963,483.7591129
168744,20072596,2007,Avian,Pigeons and Doves,Trichonomiasis,Protozoan,-79.49438226,43.78147164,-0.072646249,2,-0.361097933,156.8772213
168748,20072553,2007,Avian,Pigeons and Doves,Trichonomiasis,Protozoan,-79.44289912,43.77394238,0.013223257,2,0.160124395,3042.006573
168750,20080872,2008,Mammalian,Small Rodents and Moles,Fleas,Ectoparasitic,-79.41554557,43.77977806,0.167297753,3,0.301482316,5211.015536
168755,20070439,2007,Mammalian,Small Carnivores,Canine Distemper Virus,Viral,-79.36400593,43.7717302,0.140422765,3,-0.420632695,1073.587409
168756,20071562,2007,Avian,Pigeons and Doves,Nosocomial yeast,Bacterial,-79.34709089,43.77502487,0.200042157,3,-0.479946886,3055.125574
168757,20103135,2010,Mammalian,Small Rodents and Moles,Fleas,Ectoparasitic,-79.33111149,43.77516711,0.490892651,4,0.301482316,1487.862801
168758,20120463,2012,Avian,Pigeons and Doves,AMPV-1,Viral,-79.3229071,43.77534213,0.423132492,4,0.301482316,168.4563508
168761,20113602,2011,Mammalian,Small Rodents and Moles,Fleas,Ectoparasitic,-79.28214617,43.76946683,0.153985861,3,0.301482316,2749.492317
168762,20100145,2010,Mammalian,Small Carnivores,Canine Distemper Virus,Viral,-79.27110619,43.76790414,0.047626005,3,0.301482316,973.0354733
168763,20100796,2010,Mammalian,Small Carnivores,Canine Distemper Virus,Viral,-79.2612378,43.77018966,0.138000771,3,0.301482316,7026.773485
168764,20080422,2008,Avian,Pigeons and Doves,Nosocomial yeast,Bacterial,-79.24889076,43.76542458,0.167769608,3,0.301482316,282.4578707
168765,20123321,2012,Mammalian,Small Rodents and Moles,Fleas,Ectoparasitic,-79.24010737,43.76990753,0.075432979,3,0.301482316,739.152549
168767,20124182,2012,Mammalian,Large Carnivores,Sacrpotic Mites,Ecoparasitic,-79.20724516,43.76370925,0.106865534,3,0.301482316,1712.680869
168768,20074903,2007,Avian,Pigeons and Doves,AMPV-1,Viral,-79.19643242,43.76620403,-0.015242021,2,0.093587308,1039.456415
168769,20072357,2007,Mammalian,Small Carnivores,Canine Distemper Virus,Viral,-79.18971172,43.76758159,0.120922638,3,0.301482316,2335.188228
169416,20075279,2007,Avian,Seabirds and Shorebirds,Strongyles,Nematode,-79.62012475,43.79298189,-0.035403811,2,-0.507201073,305.7391191
169417,20083300,2008,Mammalian,Small Rodents and Moles,Fleas,Ectoparasitic,-79.60668001,43.79591512,-0.108838676,2,0.026556849,264.5363879
169424,20080281,2008,Avian,Waterfowl and Waders,Mites,Ectoparasitic,-79.52440735,43.79423306,0.132915251,3,0.301482316,0
169428,20073254,2007,Avian,Waterfowl and Waders,Lice,Ectoparasitic,-79.47018081,43.78719179,-0.063540857,2,-0.544955985,511.6152939
169429,20093352,2009,Mammalian,Small Carnivores,Canine Distemper Virus,Viral,-79.45756148,43.78996555,0.085886862,3,0.301482316,1812.813698
169434,20123363,2012,Mammalian,Small Carnivores,Canine Distemper Virus,Viral,-79.39210909,43.78502888,0.0551607,3,0.301482316,774.2173637
169440,20111381,2011,Mammalian,Small Rodents and Moles,Fleas,Ectoparasitic,-79.31784287,43.77655483,0.129991191,3,0.301482316,2103.268676
169441,20075437,2007,Avian,Pigeons and Doves,Trichonomiasis,Protozoan,-79.30799743,43.77875609,0.14474531,3,-0.07496222,1596.333878
169442,20074162,2007,Mammalian,Small Carnivores,Canine Distemper Virus,Viral,-79.29799441,43.78100861,0.118303635,3,0.301482316,2476.359753
169445,20073493,2007,Avian,Pigeons and Doves,AMPV-1,Viral,-79.2537815,43.77795737,0.360901871,4,-0.269716983,7230.096681
169446,20093130,2009,Mammalian,Small Rodents and Moles,Fleas,Ectoparasitic,-79.25134952,43.7721475,0.093402911,3,0.301482316,1270.642227
169447,20070747,2007,Avian,Pigeons and Doves,Nosocomial yeast,Bacterial,-79.23174973,43.77642968,-0.006763546,2,0.301482316,1607.208845
169451,20083262,2008,Mammalian,Small Rodents and Moles,Fleas,Ectoparasitic,-79.18683705,43.77073577,0.131051418,3,0.301482316,1519.055462
169453,20071132,2007,Mammalian,Small Carnivores,Canine Distemper Virus,Viral,-79.1663443,43.77287286,-0.225182323,1,0.301482316,425.5843302
170050,20080605,2008,Mammalian,Small Carnivores,Canine Distemper Virus,Viral,-80.21224538,43.83696246,-0.956511086,1,0.057170613,0
170101,20072830,2007,Mammalian,Small Carnivores,Fleas,Ectoparasitic,-79.57774468,43.80253756,-0.11436558,2,-0.082661982,318.2787456
170108,20075564,2007,Avian,Pigeons and Doves,Lice,Ectoparasitic,-79.49950445,43.8003785,0.126750374,3,-0.282689816,126.1076872
170110,20094100,2009,Mammalian,Small Carnivores,Canine Distemper Virus,Viral,-79.47071857,43.79812187,0.07755802,3,0.160086624,546.2937119
170111,20120723,2012,Mammalian,Small Carnivores,Canine Distemper Virus,Viral,-79.45504705,43.79617855,0.124510637,3,0.17725176,410.587148
170112,20073154,2007,Avian,Pigeons and Doves,Capillaria,Nematode,-79.44577217,43.79237758,0.09489317,3,0.210522054,3067.006025
170114,20094242,2009,Mammalian,Small Carnivores,Canine Distemper Virus,Viral,-79.42016098,43.7981093,0.087233025,3,0.301482316,1301.960091
170116,20070711,2007,Avian,Pigeons and Doves,Trichonomiasis,Protozoan,-79.39069991,43.79367302,0.081306087,3,-0.605458224,1851.732951
170117,20091849,2009,Mammalian,Small Rodents and Moles,Fleas,Ectoparasitic,-79.3872427,43.79277913,-0.06363087,2,-0.361210567,393.2061581
170118,20070174,2007,Avian,Pigeons and Doves,Nosocomial yeast,Bacterial,-79.36800748,43.78997749,0.101799183,3,0.033324143,632.6257691
170119,20100225,2010,Mammalian,Small Carnivores,Canine Distemper Virus,Viral,-79.35481379,43.79274316,0.135483826,3,0.301482316,4082.409679
170125,20113518,2011,Mammalian,Small Rodents and Moles,Fleas,Ectoparasitic,-79.28825032,43.78327959,0.098622405,3,0.301482316,1357.166492
170126,20073236,2007,Avian,Pigeons and Doves,Trichonomiasis,Protozoan,-79.26835496,43.78760945,0.096928718,3,-0.412014231,313.57826
170127,20114590,2011,Avian,Pigeons and Doves,AMPV-1,Viral,-79.25520967,43.7825843,0.224530517,4,0.301482316,1905.831314
170130,20113715,2011,Mammalian,Small Rodents and Moles,Fleas,Ectoparasitic,-79.21709459,43.77977583,-0.03229736,2,0.301482316,249.255719
170132,20070787,2007,Mammalian,Small Carnivores,Canine Distemper Virus,Viral,-79.19325671,43.78529787,-0.337633302,1,0.301482316,8363.545048
170134,20114241,2011,Mammalian,Large Carnivores,Sacrpotic Mites,Ecoparasitic,-79.16829889,43.78415893,0.053080496,3,0.301482316,278.3168292
170136,20083555,2008,Mammalian,Small Rodents and Moles,Fleas,Ectoparasitic,-79.14932589,43.77674615,0.10858555,3,0.219764552,487.8572758
170137,20070163,2007,Mammalian,Small Carnivores,Canine Distemper Virus,Viral,-79.13669731,43.77958151,0.038724466,2,-0.528284089,596.9919185
170781,20102616,2010,Mammalian,Small Carnivores,Canine Distemper Virus,Viral,-79.60017554,43.81703563,0.08244188,3,0.301482316,327.3995649
170784,20120859,2012,Mammalian,Small Carnivores,Canine Distemper Virus,Viral,-79.56763408,43.81319287,-0.090579451,2,0.301482316,265.8394554
170785,20074803,2007,Mammalian,Small Carnivores,Fleas,Ectoparasitic,-79.55180513,43.80798155,0.100566317,3,-0.087636686,291.4304205
170787,20083992,2008,Mammalian,Bats,Rabies,Viral,-79.52846465,43.81242193,-0.01077316,2,-0.337442899,0
170791,20072937,2007,Mammalian,Small Carnivores,Canine Distemper Virus,Viral,-79.47466634,43.80571299,-0.053087761,2,-0.199431781,458.1840518
170792,20090885,2009,Mammalian,Small Rodents and Moles,Fleas,Ectoparasitic,-79.47462679,43.80561411,0.145739904,3,0.126682674,589.6187233
170794,20070313,2007,Mammalian,Small Carnivores,Canine Distemper Virus,Viral,-79.44831302,43.80352878,0.13245891,3,-0.167764413,586.934143
170798,20080588,2008,Avian,Songbirds,West Nile Virus,Viral,-79.39626259,43.803337,0.014225448,2,0.301482316,415.7985004
170799,20071315,2007,Avian,Pigeons and Doves,Nosocomial yeast,Bacterial,-79.38299625,43.79700219,-0.021766393,2,0.301482316,442.5194381
170804,20070109,2007,Mammalian,Small Carnivores,Canine Distemper Virus,Viral,-79.31575565,43.79675303,0.116809985,3,0.301482316,2801.188217
170806,20104500,2010,Mammalian,Bats,Rabies,Viral,-79.29343702,43.79513627,0.160974149,3,0.301482316,1105.659501
170807,20102466,2010,Mammalian,Small Carnivores,Canine Distemper Virus,Viral,-79.28345141,43.79703944,0.128940007,3,0.301482316,361.4438047
170811,20070532,2007,Mammalian,Small Carnivores,Canine Distemper Virus,Viral,-79.23881286,43.79380193,0.196278537,3,-0.039612893,1830.094654
170813,20074407,2007,Avian,Pigeons and Doves,Lice,Ectoparasitic,-79.21442944,43.79361479,0.247406726,4,-0.219293027,510.5273384
170817,20100731,2010,Mammalian,Small Rodents and Moles,Fleas,Ectoparasitic,-79.16067657,43.78532367,0.175034014,3,0.301482316,186.1365572
170818,20070568,2007,Mammalian,Small Carnivores,Canine Distemper Virus,Viral,-79.14088399,43.7896904,0.120263264,3,0.301482316,273.0619082
171475,20082880,2008,Mammalian,Bats,Rabies,Viral,-79.44979801,43.81097227,0.106993588,3,-0.337442899,2107.544577
171477,20072301,2007,Avian,Pigeons and Doves,Nosocomial yeast,Bacterial,-79.42444111,43.81611363,0.084397493,3,-0.4666505,756.4300351
171483,20071489,2007,Mammalian,Small Rodents and Moles,Fleas,Ectoparasitic,-79.36064253,43.81112831,0.217770261,4,0.301482316,2259.438776
171485,20074105,2007,Mammalian,Small Rodents and Moles,Fleas,Ectoparasitic,-79.33607236,43.80390833,0.07872831,3,-0.248169298,1386.258149
171486,20101169,2010,Mammalian,Small Rodents and Moles,Fleas,Ectoparasitic,-79.32153273,43.80759989,0.122690674,3,0.301482316,514.0262724
171489,20073704,2007,Mammalian,Small Carnivores,Canine Distemper Virus,Viral,-79.27734584,43.80568079,0.168052408,3,-0.498127067,412.3361139
171490,20074483,2007,Mammalian,Small Carnivores,Canine Distemper Virus,Viral,-79.26647267,43.80805587,0.121440645,3,0.206231345,2264.523944
171494,20083457,2008,Avian,Pigeons and Doves,AMPV-1,Viral,-79.21770281,43.79813841,0.191988632,3,-0.150784063,1327.653397
171495,20072076,2007,Mammalian,Small Rodents and Moles,Fleas,Ectoparasitic,-79.21057292,43.79969294,0.167827449,3,0.028152648,656.5374799
171496,20073331,2007,Avian,Pigeons and Doves,Trichonomiasis,Protozoan,-79.19983557,43.80196851,0.121830483,3,-0.07496222,261.1319341
171500,20072774,2007,Avian,Songbirds,Mites,Ectoparasitic,-79.14630459,43.79894587,0.464522715,4,0.301482316,1560.720273
171502,20070760,2007,Mammalian,Small Carnivores,Canine Distemper Virus,Viral,-79.11817098,43.80016339,-0.463648497,1,0.301482316,162.2620905
172144,20120214,2012,Mammalian,Small Carnivores,Canine Distemper Virus,Viral,-79.61774757,43.83248638,-0.219574829,1,0.301482316,449.5591998
172149,20073052,2007,Avian,Songbirds,Mites,Ectoparasitic,-79.55630814,43.82617603,0.045027515,2,0.301482316,1020.27625
172150,20100159,2010,Mammalian,Small Carnivores,Canine Distemper Virus,Viral,-79.54533944,43.82587637,0.008512886,2,0.301482316,140.5565688
172151,20074415,2007,Mammalian,Small Rodents and Moles,Fleas,Ectoparasitic,-79.53276852,43.83095262,-0.140059201,2,-0.374458637,252.8819983
172155,20075702,2007,Avian,Pigeons and Doves,Trichonomiasis,Protozoan,-79.47847866,43.82405552,0.10001275,3,0.301482316,690.5791132
172161,20120007,2012,Mammalian,Small Carnivores,Canine Distemper Virus,Viral,-79.4011499,43.8186361,-0.006233676,2,0.301482316,859.0378129
172164,20075246,2007,Mammalian,Small Carnivores,Canine Distemper Virus,Viral,-79.37001661,43.82237002,0.030479634,2,-0.528284089,530.5077626
172167,20071889,2007,Mammalian,Small Rodents and Moles,Fleas,Ectoparasitic,-79.33247072,43.81267935,0.159235157,3,0.301482316,3733.484916
172168,20113407,2011,Mammalian,Small Rodents and Moles,Fleas,Ectoparasitic,-79.32393676,43.81283064,0.151136383,3,0.301482316,1378.290443
172170,20110034,2011,Mammalian,Large Carnivores,Sacrpotic Mites,Ecoparasitic,-79.29219523,43.81457506,-0.065488954,2,0.301482316,947.2986389
172175,20090657,2009,Mammalian,Small Rodents and Moles,Fleas,Ectoparasitic,-79.23717926,43.81427092,0.129576974,3,0.126983415,2516.936236
172180,20070198,2007,Mammalian,Small Carnivores,Canine Distemper Virus,Viral,-79.17084624,43.80829596,-0.123643662,2,-0.553485502,1664.785317
172183,20070035,2007,Mammalian,Small Carnivores,Canine Distemper Virus,Viral,-79.13223886,43.80790891,-0.040883593,2,-0.097596036,249.3674856
172819,20080067,2008,Avian,Pigeons and Doves,Trichonomiasis,Protozoan,-79.69710162,43.84664456,-0.743461117,1,-0.433859776,23.80427655
172835,20070449,2007,Mammalian,Bats,Rabies,Viral,-79.50817338,43.83647241,-0.025174004,2,0.207284644,463.6475555
172836,20100828,2010,Mammalian,Small Carnivores,Canine Distemper Virus,Viral,-79.49152749,43.83764295,0.042295674,2,0.301482316,537.0240992
172839,20093351,2009,Mammalian,Small Carnivores,Canine Distemper Virus,Viral,-79.45056256,43.83013975,0.01984391,2,-0.191852978,376.0536476
172840,20071396,2007,Avian,Waterfowl and Waders,Capillaria,Nematode,-79.43594835,43.83272301,0.113578319,3,0.301482316,431.9157827
172851,20104604,2010,Mammalian,Small Carnivores,Canine Distemper Virus,Viral,-79.30707869,43.82363569,0.082007907,3,0.301482316,508.0186141
172865,20070350,2007,Mammalian,Small Carnivores,Canine Distemper Virus,Viral,-79.13666326,43.81779982,-0.008446674,2,-0.444045815,233.6108328
172866,20120025,2012,Mammalian,Small Rodents and Moles,Notoendric mite,Ectoparasitic,-79.11304702,43.81346686,0.20206682,3,0.170561281,233.4554193
172867,20070386,2007,Mammalian,Small Carnivores,Canine Distemper Virus,Viral,-79.10300105,43.81501301,0.084292718,3,-0.28389361,528.155274
172869,20073241,2007,Mammalian,Bats,Rabies,Viral,-79.08046844,43.81323701,-0.713151923,1,0.207284644,346.0746551
173477,20075733,2007,Mammalian,Small Carnivores,Canine Distemper Virus,Viral,-79.99997818,43.86668339,-0.49220687,1,0.301482316,0.048884201
173501,20114660,2011,Mammalian,Small Carnivores,Canine Distemper Virus,Viral,-79.69484538,43.84964416,-0.484790571,1,0.301482316,106.1877273
173512,20123360,2012,Avian,Seabirds and Shorebirds,Circovirus,Viral,-79.56052352,43.84480768,-0.520564441,1,0.301482316,335.6142309
173513,20070838,2007,Mammalian,Small Carnivores,Canine Distemper Virus,Viral,-79.55400394,43.84551244,-0.178233529,1,-0.396642222,573.6515297
173514,20074888,2007,Avian,Pigeons and Doves,Avian Pox,Viral,-79.53661821,43.84941539,-0.098495113,2,-0.010730922,379.0911598
173516,20114707,2011,Mammalian,Small Carnivores,Canine Distemper Virus,Viral,-79.51962458,43.84880583,0.067744565,3,0.301482316,277.6439766
173519,20070557,2007,Mammalian,Small Carnivores,Canine Distemper Virus,Viral,-79.48306063,43.84269077,-0.200384391,1,0.301482316,515.9134283
173523,20103156,2010,Avian,Pigeons and Doves,Circovirus,Viral,-79.42970013,43.83560312,0.16118076,3,-0.065200696,653.8115498
173525,20090017,2009,Mammalian,Small Carnivores,Canine Distemper Virus,Viral,-79.40506899,43.83475168,0.171771291,3,-0.1494347,502.0033761
173529,20070018,2007,Mammalian,Small Carnivores,Canine Distemper Virus,Viral,-79.35498433,43.83821044,-0.072525187,2,-0.199431781,178.7657429
173533,20103963,2010,Mammalian,Small Carnivores,Canine Distemper Virus,Viral,-79.30120559,43.82960308,0.088128874,3,0.301482316,628.6957548
173534,20104577,2010,Mammalian,Small Carnivores,Canine Distemper Virus,Viral,-79.28966657,43.8366439,0.175708187,3,0.301482316,303.6324112
173542,20080187,2008,Avian,Waterfowl and Waders,Lice,Ectoparasitic,-79.18883751,43.82519004,-0.708500943,1,0.301482316,47.46872237
173543,20082926,2008,Avian,Pigeons and Doves,AMPV-1,Viral,-79.17919668,43.82739698,-0.546801956,1,0.151091886,0
173552,20070351,2007,Avian,Waterfowl and Waders,Lice,Ectoparasitic,-79.07412826,43.82343365,-0.292742088,1,-0.544955985,260.2165625
173553,20072640,2007,Avian,Seabirds and Shorebirds,Capillaria,Nematode,-79.06006255,43.81574911,-0.258377094,1,0.301482316,0
174198,20074020,2007,Mammalian,Small Carnivores,Canine Distemper Virus,Viral,-79.51234162,43.85493918,0.139111366,3,0.301482316,343.5836578
174199,20110296,2011,Mammalian,Small Carnivores,Canine Distemper Virus,Viral,-79.50496613,43.85524659,-0.224461819,1,0.301482316,234.0350244
174202,20072148,2007,Mammalian,Small Carnivores,Fleas,Ectoparasitic,-79.46023162,43.85491933,-0.228248565,1,-0.378571803,365.3723101
174204,20070061,2007,Mammalian,Small Carnivores,Canine Distemper Virus,Viral,-79.4329007,43.85296391,0.113797746,3,-0.389824697,437.1511393
174207,20073985,2007,Mammalian,Small Rodents and Moles,Fleas,Ectoparasitic,-79.40809943,43.84495449,0.116610119,3,0.301482316,416.3906994
174209,20073368,2007,Avian,Falcons and Hawks,Lice,Ectoparasitic,-79.38238044,43.84445068,0.101657981,3,-0.015498867,156.3587357
174228,20075468,2007,Avian,Falcons and Hawks,Lice,Ectoparasitic,-79.13880977,43.83624043,-0.547016662,1,-0.163217489,245.7028037
174231,20075294,2007,Avian,Pigeons and Doves,Lice,Ectoparasitic,-79.0986953,43.82873043,0.087953629,3,-0.282689816,574.5800462
174232,20070819,2007,Mammalian,Small Carnivores,Sacrpotic Mites,Ecoparasitic,-79.0895473,43.83044718,0.173566278,3,-0.338267074,502.173945
174234,20100354,2010,Avian,Waterfowl and Waders,Mites,Ectoparasitic,-79.06769878,43.83312268,-0.154605928,2,0.301482316,49.56932865
174238,20075375,2007,Mammalian,Small Rodents and Moles,Squirrel Pox,Viral,-79.01254412,43.82155457,0.228554883,4,0.301482316,1142.591852
174862,20082530,2008,Mammalian,Small Carnivores,Canine Distemper Virus,Viral,-79.73064005,43.8742241,0.154607673,3,-0.05233695,294.1013244
174876,20120073,2012,Mammalian,Small Carnivores,Canine Distemper Virus,Viral,-79.56477927,43.86306557,-0.298913423,1,0.301482316,142.7787848
174882,20100181,2010,Mammalian,Small Carnivores,Canine Distemper Virus,Viral,-79.48743617,43.86119338,-0.765768426,1,0.301482316,295.5306788
174888,20122666,2012,Mammalian,Small Rodents and Moles,Trichonomiasis,Protozoan,-79.41101649,43.85789585,0.125294409,3,0.019663294,409.8496371
174894,20075117,2007,Avian,Falcons and Hawks,Coccidia,Protozoan,-79.33700803,43.85611106,-0.025868769,2,-0.361370732,1022.536155
174911,20070165,2007,Mammalian,Small Carnivores,Canine Distemper Virus,Viral,-79.12506818,43.84019723,-0.338227554,1,0.301482316,330.7489311
174912,20075682,2007,Avian,Falcons and Hawks,Hyppoboscid Flies,Fungal,-79.1146704,43.84120226,-0.134953513,2,-0.497870661,417.9480024
174913,20070008,2007,Mammalian,Small Carnivores,Canine Distemper Virus,Viral,-79.10220959,43.84391802,0.009203065,2,-0.06119662,321.3692362
174914,20075457,2007,Avian,Songbirds,Avian Pox,Viral,-79.08674832,43.83842552,0.102873578,3,-0.09277386,535.9556564
174915,20070732,2007,Mammalian,Small Carnivores,Canine Distemper Virus,Viral,-79.0816812,43.83921934,0.116134862,3,-0.389824697,3976.001863
174920,20075424,2007,Mammalian,Small Carnivores,Canine Distemper Virus,Viral,-79.01451109,43.83099383,0.09484379,3,-0.048921787,1628.503706
175551,20114653,2011,Mammalian,Small Carnivores,Canine Distemper Virus,Viral,-79.64778405,43.88145641,-1.042646995,1,0.301482316,0
175559,20122424,2012,Mammalian,Bats,Rabies,Viral,-79.55423139,43.87118258,-0.995155403,1,0.301482316,4.527723575
175560,20120112,2012,Mammalian,Small Carnivores,Canine Distemper Virus,Viral,-79.54104428,43.86841748,-0.585368152,1,0.301482316,289.7781548
175566,20070423,2007,Mammalian,Small Carnivores,Canine Distemper Virus,Viral,-79.46267999,43.86592732,-0.074158249,2,-0.199431781,336.303588
175568,20070687,2007,Mammalian,Small Carnivores,Canine Distemper Virus,Viral,-79.43721151,43.87125125,0.098906081,3,-0.013030442,1214.887258
175572,20070158,2007,Mammalian,Small Carnivores,Canine Distemper Virus,Viral,-79.38682292,43.86240906,-0.173315525,1,0.101120343,179.0908493
175575,20073963,2007,Avian,Pigeons and Doves,Capillaria,Nematode,-79.3478759,43.8595332,0.062864727,3,-0.398146027,377.009144
175579,20083593,2008,Mammalian,Small Rodents and Moles,Fleas,Ectoparasitic,-79.30372476,43.86276662,0.110722705,3,0.090134829,418.6396801
175596,20073514,2007,Mammalian,Small Rodents and Moles,Squirrel Pox,Viral,-79.09489056,43.8456038,-0.212354661,1,0.301482316,824.1116936
175597,20070068,2007,Mammalian,Small Carnivores,Canine Distemper Virus,Viral,-79.07402204,43.84789132,-0.175582868,1,-0.396642222,609.2032539
175601,20070973,2007,Mammalian,Small Carnivores,Canine Distemper Virus,Viral,-79.03319035,43.8407035,-0.009240112,2,-0.444045815,385.4980892
175603,20093394,2009,Mammalian,Small Carnivores,Canine Distemper Virus,Viral,-79.00607373,43.84682884,-0.24516919,1,0.301482316,672.4082218
176252,20073891,2007,Mammalian,Small Rodents and Moles,Fleas,Ectoparasitic,-79.41548422,43.87602232,0.122715322,3,0.301482316,722.1808812
176256,20123642,2012,Mammalian,Large Carnivores,Sacrpotic Mites,Ecoparasitic,-79.3626788,43.86796047,0.030926407,2,0.301482316,618.1987105
176267,20075451,2007,Mammalian,Small Carnivores,Canine Distemper Virus,Viral,-79.23143906,43.86382478,-0.636538917,1,-0.128507488,54.21078526
176280,20103208,2010,Avian,Songbirds,West Nile Virus,Viral,-79.06638187,43.85651242,-0.195862121,1,0.301482316,444.5079055
176281,20080149,2008,Mammalian,Lagomorphs,Fleas,Ectoparasitic,-79.05532106,43.85453492,0.051263042,3,0.224645631,428.3111572
176284,20074890,2007,Mammalian,Small Carnivores,Canine Distemper Virus,Viral,-79.02036274,43.85086523,0.078601786,3,-0.294556078,921.607306
176884,20100126,2010,Mammalian,Large Carnivores,Sacrpotic Mites,Ecoparasitic,-80.02809388,43.91924517,-0.978662514,1,0.301482316,0
176929,20082194,2008,Mammalian,Small Carnivores,Canine Distemper Virus,Viral,-79.46729865,43.8841777,-0.282010244,1,0.301482316,236.0705408
176931,20070522,2007,Mammalian,Small Carnivores,Canine Distemper Virus,Viral,-79.44296,43.88859611,0.102072129,3,-0.271084142,501.5764739
176932,20120185,2012,Mammalian,Small Rodents and Moles,Notoendric mite,Ectoparasitic,-79.44025615,43.88286211,-0.017647786,2,0.301482316,595.8944935
176937,20070528,2007,Avian,Falcons and Hawks,West Nile Virus,Viral,-79.36722227,43.88591303,2.93E-05,2,-0.578957899,679.98197
176942,20070505,2007,Mammalian,Small Carnivores,Canine Distemper Virus,Viral,-79.31425634,43.87944776,0.01288781,2,0.301482316,377.8070771
176946,20072400,2007,Mammalian,Small Rodents and Moles,Notoendric mite,Ectoparasitic,-79.25977397,43.873878,0.125171148,3,0.105966855,712.4308263
176960,20074789,2007,Mammalian,Small Rodents and Moles,Mites,Ecoparasitic,-79.09291232,43.86525422,-0.450567518,1,-0.161390106,497.4995822
176965,20070465,2007,Mammalian,Bats,Mites,Ecoparasitic,-79.02053785,43.86236347,-0.025623252,2,0.10570193,697.1372479
176966,20073377,2007,Mammalian,Small Carnivores,Canine Distemper Virus,Viral,-79.01606293,43.86348498,-0.158570333,2,-0.087194356,494.364735
177609,20071522,2007,Avian,Pigeons and Doves,Nosocomial yeast,Bacterial,-79.49615409,43.89739046,-0.529859375,1,0.1264245,20.86144258
177615,20071852,2007,Mammalian,Small Rodents and Moles,Fleas,Ectoparasitic,-79.41980957,43.89362865,-0.151608297,2,-0.374458637,669.1217687
177631,20074453,2007,Avian,Pigeons and Doves,Lice,Ectoparasitic,-79.22295522,43.88052111,-0.681639912,1,-0.029033274,330.2775735
177639,20102729,2010,Avian,Seabirds and Shorebirds,Lice,Ectoparasitic,-79.12443354,43.87622333,-1.007267205,1,0.159984998,1.131890815
177646,20070671,2007,Avian,Pigeons and Doves,AMPV-1,Viral,-79.04316919,43.87626315,0.019800039,2,-0.498461048,508.919796
177650,20080331,2008,Avian,Waterfowl and Waders,Lice,Ectoparasitic,-78.98623822,43.87008325,-0.882423459,1,0.301482316,195.8539023
177652,20071401,2007,Mammalian,Small Rodents and Moles,Fleas,Ectoparasitic,-78.96002701,43.8682934,-0.388213475,1,-0.038835013,416.7368001
178285,20112088,2011,Avian,Pigeons and Doves,AMPV-1,Viral,-79.57622995,43.91072943,-0.917978973,1,0.301482316,1.423564592
178295,20102851,2010,Mammalian,Large Carnivores,Sacrpotic Mites,Ecoparasitic,-79.44571406,43.90790693,-0.151717721,2,0.301482316,269.2631587
178299,20070037,2007,Mammalian,Small Carnivores,Canine Distemper Virus,Viral,-79.39570885,43.89847635,-0.544898921,1,0.301482316,204.3627777
178301,20071777,2007,Mammalian,Small Rodents and Moles,Fleas,Ectoparasitic,-79.37172285,43.90405427,-0.415401254,1,-0.038835013,69.64812469
178310,20070377,2007,Mammalian,Small Carnivores,Canine Distemper Virus,Viral,-79.26406405,43.89197105,-0.07842616,2,0.301482316,367.9143344
178313,20074954,2007,Mammalian,Small Carnivores,Canine Distemper Virus,Viral,-79.22189665,43.8961279,-0.797374182,1,-0.25459873,338.7290671
178329,20080385,2008,Mammalian,Small Carnivores,Canine Distemper Virus,Viral,-79.02707367,43.87984605,-0.378356809,1,0.301482316,573.7192254
178343,20090653,2009,Mammalian,Small Rodents and Moles,Fleas,Ectoparasitic,-78.8512887,43.8700732,-0.145128606,2,-0.361210567,1403.517763
178344,20080430,2008,Mammalian,Small Carnivores,Canine Distemper Virus,Viral,-78.83470632,43.86870775,-0.256080144,1,0.301482316,480.2072096
178966,20114549,2011,Mammalian,Small Carnivores,Canine Distemper Virus,Viral,-79.57792887,43.91783666,-0.889631905,1,0.301482316,0
178989,20090142,2009,Avian,Waterfowl and Waders,Coccidia,Protozoan,-79.29314009,43.90367478,-0.569974136,1,-0.055922962,484.7289513
178994,20102998,2010,Avian,Pigeons and Doves,Circovirus,Viral,-79.23988229,43.89751139,-0.58008724,1,-0.27937672,787.2632651
179016,20092256,2009,Mammalian,Small Rodents and Moles,Notoendric mite,Ectoparasitic,-78.95608081,43.88746023,-0.19032668,1,-0.361210567,301.3726901
179020,20083036,2008,Mammalian,Large Carnivores,Sacrpotic Mites,Ecoparasitic,-78.91291135,43.88653799,-0.024294444,2,0.224645631,394.2394641
179024,20073307,2007,Avian,Songbirds,Strongyles,Nematode,-78.86833082,43.87764128,0.131274534,3,0.301482316,373.0731022
179650,20110295,2011,Mammalian,Small Carnivores,Canine Distemper Virus,Viral,-79.55413002,43.92319608,-0.757254192,1,0.301482316,38.28014431
179652,20075489,2007,Mammalian,Bats,Rabies,Viral,-79.52820464,43.92871846,-0.373815408,1,0.207284644,170.4568079
179673,20113389,2011,Avian,Pigeons and Doves,AMPV-1,Viral,-79.26812521,43.90998048,-0.665389709,1,0.301482316,211.4812678
179692,20123053,2012,Avian,Seabirds and Shorebirds,Circovirus,Viral,-79.03088747,43.89797337,-0.505932453,1,0.301482316,504.6738008
180383,20072707,2007,Mammalian,Small Carnivores,Fleas,Ectoparasitic,-78.92057762,43.9041044,0.103910579,3,0.050790929,254.5632936
180387,20082203,2008,Mammalian,Bats,Rabies,Viral,-78.87349592,43.89535141,0.165873078,3,-0.337442899,1193.206114
180389,20102916,2010,Avian,Seabirds and Shorebirds,AMPV-1,Viral,-78.85378837,43.89985988,0.213693796,4,0.159984998,295.2345584
180400,20074316,2007,Avian,Pigeons and Doves,Nosocomial yeast,Bacterial,-78.71230538,43.88539895,-0.544031781,1,0.301482316,71.01686319
181020,20075492,2007,Avian,Waterfowl and Waders,Strongyles,Nematode,-79.48239764,43.94304383,-0.309000944,1,0.301482316,227.8675483
181022,20072317,2007,Mammalian,Small Carnivores,Fleas,Ectoparasitic,-79.4546496,43.94460102,-0.176060153,1,-0.378571803,126.0623217
181069,20070539,2007,Mammalian,Small Carnivores,Fleas,Ectoparasitic,-78.86651899,43.90405019,-0.056911693,2,-0.202309526,751.1367345
181070,20074932,2007,Mammalian,Bats,Mites,Ecoparasitic,-78.85845626,43.91046666,0.147423587,3,0.175695054,660.2299605
181071,20103099,2010,Avian,Seabirds and Shorebirds,AMPV-1,Viral,-78.84712376,43.90933465,0.112608771,3,0.159984998,243.3139279
181751,20071707,2007,Mammalian,Small Rodents and Moles,Fleas,Ectoparasitic,-78.86914278,43.91952937,0.173518435,3,0.028152648,300.6604516
181754,20074157,2007,Mammalian,Small Rodents and Moles,Fleas,Ectoparasitic,-78.83873294,43.91500015,-0.186503762,1,-0.374458637,410.8127671
181765,20093727,2009,Avian,Songbirds,West Nile Virus,Viral,-78.70196443,43.9111938,-0.064878352,2,-0.133105394,507.2912905
182383,20083665,2008,Mammalian,Small Rodents and Moles,Fleas,Ectoparasitic,-79.48554179,43.95749126,-0.596152333,1,-0.20494199,147.5336466
182385,20072917,2007,Mammalian,Small Carnivores,Fleas,Ectoparasitic,-79.45887043,43.96298726,-0.117348283,2,0.301482316,225.813331
182413,20075433,2007,Avian,Pigeons and Doves,AMPV-1,Viral,-79.11405758,43.93847609,-0.925526511,1,-0.173293218,0.733319083
182448,20075453,2007,Avian,Owls,Lice,Ectoparasitic,-78.68960764,43.91304881,0.135398528,3,0.017796925,444.3290209
183138,20075721,2007,Avian,Waterfowl and Waders,Lice,Ectoparasitic,-78.5888087,43.91749406,-0.046242067,2,-0.544955985,563.2647562
183747,20080104,2008,Avian,Songbirds,Coccidia,Protozoan,-79.4899262,43.97565428,-0.228506693,1,0.301482316,288.8561417
183764,20113337,2011,Avian,Songbirds,West Nile Virus,Viral,-79.28091148,43.96384588,-0.412676826,1,0.301482316,143.235587
183788,20080253,2008,Mammalian,Small Carnivores,Canine Distemper Virus,Viral,-78.98265083,43.9483702,-0.539147935,1,0.301482316,287.1199767
184413,20072251,2007,Mammalian,Small Carnivores,Baylisascaris (definitive),Nematode,-79.68314247,44.00087404,-0.427051057,1,0.172509437,160.8874279
184431,20080050,2008,Mammalian,Bats,Rabies,Viral,-79.46376925,43.98377397,-0.024360457,2,-0.055625451,529.6696075
184452,20084440,2008,Mammalian,Small Rodents and Moles,Squirrel Pox,Viral,-79.19684537,43.97590718,-0.794987632,1,0.301482316,1.628920475
184471,20120164,2012,Mammalian,Small Carnivores,Canine Distemper Virus,Viral,-78.9607421,43.95706592,-0.208170804,1,0.301482316,372.2360675
184478,20103070,2010,Avian,Seabirds and Shorebirds,AMPV-1,Viral,-78.8766992,43.952273,-0.304062728,1,0.159984998,399.2825498
185767,20104322,2010,Avian,Pigeons and Doves,AMPV-1,Viral,-79.80559184,44.02248522,-0.228167494,1,-0.27937672,555.828189
185796,20073571,2007,Mammalian,Bats,Mites,Ecoparasitic,-79.45038919,44.00648757,-0.30514383,1,-0.278741746,243.191645
186449,20082627,2008,Avian,Pigeons and Doves,Trichonomiasis,Protozoan,-79.80955581,44.03435467,-0.17143083,1,-0.433859776,606.1502287
186474,20110609,2011,Mammalian,Small Carnivores,Canine Distemper Virus,Viral,-79.49841344,44.01256129,-0.369728124,1,0.301482316,172.3477102
187160,20070371,2007,Avian,Pigeons and Doves,AMPV-1,Viral,-79.44797221,44.0235786,-0.279792874,1,-0.173293218,179.1800125
187171,20073285,2007,Avian,Waterfowl and Waders,Coccidia,Protozoan,-79.31544098,44.01041314,-0.567364646,1,-0.289116846,11.15585413
187227,20074253,2007,Mammalian,Small Rodents and Moles,Fleas,Ectoparasitic,-78.61679003,43.97722818,-0.170001296,1,-0.374458637,63.2194086
189226,20071778,2007,Mammalian,Small Carnivores,Canine Distemper Virus,Viral,-79.19789228,44.03623711,-0.395923818,1,0.301482316,3.420188758
189885,20074622,2007,Avian,Waterfowl and Waders,Capillaria,Nematode,-79.48032874,44.05490181,0.038084034,2,0.301482316,604.3377423
189887,20073551,2007,Mammalian,Bats,Rabies,Viral,-79.46120158,44.05915411,0.066398909,3,0.207284644,400.684305
190571,20094082,2009,Mammalian,Small Carnivores,Canine Distemper Virus,Viral,-79.43190699,44.06580846,0.00688718,2,0.301482316,395.1119189
190591,20083349,2008,Mammalian,Large Carnivores,Sacrpotic Mites,Ecoparasitic,-79.17511534,44.04880522,-0.735791613,1,0.224645631,1.572997769
192624,20072260,2007,Mammalian,Small Rodents and Moles,Fleas,Ectoparasitic,-79.33462997,44.08787908,-0.638986938,1,0.301482316,1.278805996
193322,20072405,2007,Mammalian,Bats,Rabies,Viral,-79.13741962,44.08660421,-0.599656423,1,0.207284644,89.88009979
195369,20070835,2007,Avian,Songbirds,West Nile Virus,Viral,-79.12049782,44.10940644,-0.071106996,2,-0.214035144,381.9042374
195380,20120496,2012,Mammalian,Small Carnivores,Canine Distemper Virus,Viral,-78.9934396,44.10311295,-0.55610294,1,0.301482316,28.1060358
195383,20075327,2007,Avian,Pigeons and Doves,Trichonomiasis,Protozoan,-78.94413947,44.10505414,0.243407913,4,-0.07496222,325.2619997
196718,20080065,2008,Mammalian,Small Carnivores,Canine Distemper Virus,Viral,-79.30832135,44.13609203,-0.358209219,1,0.301482316,354.0827595
200127,20073068,2007,Mammalian,Small Rodents and Moles,Fleas,Ectoparasitic,-79.31390975,44.18991021,-0.957303665,1,-0.079769976,18.11991348
200204,20075704,2007,Avian,Owls,Lice,Ectoparasitic,-78.35903773,44.13102624,-0.574845338,1,-0.017343755,0.488173751
204969,20082624,2008,Mammalian,Small Carnivores,Canine Distemper Virus,Viral,-78.46869748,44.1996858,-0.70368355,1,0.301482316,1.866356765
207605,20070764,2007,Mammalian,Small Carnivores,Canine Distemper Virus,Viral,-79.61149602,44.30088182,-1.015972547,1,0.301482316,0
210365,20103229,2010,Avian,Seabirds and Shorebirds,AMPV-1,Viral,-79.20273195,44.31469042,-0.418665272,1,0.159984998,5.937378998
210375,20074489,2007,Mammalian,Small Rodents and Moles,Fleas,Ectoparasitic,-79.079789,44.30335229,-1.082011505,1,-0.079769976,0.126726113
211114,20104122,2010,Mammalian,Bats,Rabies,Viral,-78.36495149,44.27722003,-0.096787595,2,0.301482316,344.9723749
211798,20112976,2011,Mammalian,Large Carnivores,Sacrpotic Mites,Ecoparasitic,-78.33462892,44.27930805,-0.025392566,2,0.301482316,322.4568376
212375,20094194,2009,Mammalian,Large Carnivores,Sacrpotic Mites,Ecoparasitic,-79.65186131,44.3672494,-0.135857663,2,0.301482316,312.3837669
213119,20072872,2007,Mammalian,Small Carnivores,Ticks,Ectoparasitic,-78.87991485,44.33297029,-0.33348629,1,-0.338267074,2.99188991
213845,20073408,2007,Avian,Pigeons and Doves,Coccidia,Protozoan,-78.31900681,44.30720824,0.250883997,4,-0.07496222,653.9930718
213846,20071200,2007,Mammalian,Small Rodents and Moles,Fleas,Ectoparasitic,-78.30741597,44.30689853,-0.004734228,2,-0.374458637,263.7862049
224080,20075680,2007,Mammalian,Small Carnivores,Canine Distemper Virus,Viral,-78.24179722,44.44231638,-0.946951778,1,0.301482316,4.910430924
